POYEAR,POSERIES,PONO,PODATE,SUPPCODE,OURREF,YOURREF,NOITEMS,EXCISE,EXCISEPER,EDUCESSPER,SALETAX,SALETAXPER,OCTROIPER,MILDELIV,FREIGHT,PAYTERM,BANKTHRU,ADVAMOUNT,INSURANCE,INSAMOUNT,DESPATCH,REMARK1,REMARK2,REMARK3,REMARK4,CHGPODATE,EXITEMS,STATUS,USERID,ACTION,PRTFLG,FREIGHTRS,ADVNOTENO,BKSRS,VOUNO,ADVPRTFLG,SALETAXPER1,SALETAXPER2,GPS_YEAR,GPS_SER,GPS_NO
20122013,CH,690,02-03-13,302A486,LAST PO.CH/658 DT.15-02-13,,1,2,12,3,1,5,0,MILL-DELIVERY,N I L,60 DAY'S, ,0,0,0,2,,,NOTE : SUBMIT CENVAT COPY ALONG WITH,SUPPLY FOR OUR CENVAT CLAIM,NULL,1,E,STORE,ADD,P,0,0, ,0, ,4,1,,,0
20122013,CH,691,04-03-13,302K206,LAST PO.CH/675 DT.22-02-13,,4,3,54,3,1,5,0,MILL-DELIVERY-{GFL MAKE},N I L,60 DAY'S, ,0,0,0,2,,,NOTE : SUBMIT CENVAT COPY ALONG WITH,SUPPLY FOR OUR CENVAT CLAIM,NULL,4,E,STORE,ADD,P,0,0, ,0, ,4,1,,,0
20122013,CH,692,04-03-13,302Z014,LAST PO.CH/550 DT.19-12-12,,2,1,0,0,2,2,0,MILL-DELIVERY,N I L,AGAINST DELIVERY, ,0,0,0,3,,,NOTE : SUBMIT CENVAT COPY ALONG WITH,SUPPLY FOR OUR CENVAT CLAIM,NULL,2,E,STORE,ADD,P,0,0, ,0, ,2,0,,,0
20122013,CH,693,04-03-13,302T029,LAST PO.CH/638 DT.05/02/13,,1,1,0,0,2,2,0,EX.PUNE,EXTRA AT ACTUAL,60 DAY'S, ,0,0,0,3,,,NOTE : SUBMIT CENVAT COPY ALONG WITH,SUPPLY FOR OUR CENVAT CLAIM,NULL,1,E,STORE,ADD,P,0,0, ,0, ,2,0,,,0
20122013,CH,694,04-03-13,302I093,E-MAIL DT.05/12/12,,1,0,0,0,1,5,0,MILL DELIVERY,NIL,60 DAY'S, ,0,0,0,3,,,,,NULL,1,E,STORE,ADD,P,0,0, ,0, ,4,1,,,0
20122013,CH,695,04-03-13,302I093,LAST PO.CH/684 DT.27/02/13,,1,3,2.88,3,1,5,0,MILL DELIVERY,NIL,60 DAY'S, ,0,0,0,3,,,NOTE : SUBMIT CENVAT COPY ALONG WITH,SUPPLY FOR OUR CENVAT CLAIM,NULL,1,E,STORE,ADD,P,0,0, ,0, ,4,1,,,0
20122013,CH,696,05-03-13,302K060,TELE.ENQ.,TELE.QUOT.,3,3,3.06,3,1,5,0,MILL-DELIVERY-{ MFL } MAKE,N I L,60 DAY'S, ,0,0,0,2,,,NOTE : SUBMIT CENVAT COPY ALONG WITH,SUPPLY FOR OUR CENVAT CLAIM,NULL,3,E,STORE,ADD,P,0,0, ,0, ,4,1,,,0
20122013,CH,697,05-03-13,302G253,LAST PO.CH/676 DT.23-02-13,,2,3,150,3,1,5,0,MILL-DELIVERY-{ GACL } MAKE,N I L,60 DAY'S, ,0,0,0,2,,,NOTE : SUBMIT CENVAT COPY ALONG WITH,SUPPLY FOR OUR CENVAT CLAIM,NULL,2,E,STORE,ADD,P,0,0, ,0, ,4,1,,,0
20122013,CH,698,07-03-13,302G253,LAST PO.CH/689 DT.28-02-13,,3,3,54,3,1,5,0,MILL-DELIVERY-{GFL} MAKE,N I L,60 DAY'S, ,0,0,0,2,,,NOTE : SUBMIT CENVAT COPY ALONG WITH,SUPPLY FOR OUR CENVAT CLAIM,NULL,3,E,STORE,ADD,P,0,0, ,0, ,4,1,,,0
20122013,CH,699,07-03-13,302I093,TELE.ENQ.,TELE.QUOT.,1,0,0,0,1,5,0,MILL-DELIVERY,N I L,60 DAY'S, ,0,0,0,3,,,,,NULL,1,E,STORE,ADD,P,0,0, ,0, ,4,1,,,0
20122013,CH,700,07-03-13,302I093,TELE.ENQ.,TELE.QUOT.,1,3,3.32,3,1,5,0,MILL-DLIVERY,N I L,60 DAY'S, ,0,0,0,3,,,NOTE : SUBMIT CENVAT COPY ALONG WITH,SUPPLY FOR OUR CENVAT CLAIM,NULL,1,E,STORE,ADD,P,0,0, ,0, ,4,1,,,0
20122013,CH,701,08-03-13,302V059,LAST PO.CH/657 DT.15-02-2013,,1,3,2.28,3,1,5,0,MILL-DELIVERY-{NIRMA} MAKE,N I L,30 DAY'S, ,0,0,0,3,,,NOTE : SUBMIT CENVAT COPY ALONG WITH,SUPPLY FOR OUR CENVAT CLAIM,NULL,1,E,STORE,ADD,P,0,0, ,0, ,4,1,,,0
20122013,CH,702,12-03-13,302I093,LAST PO.CH/695 DT.04-03-13,,1,3,2.88,3,1,5,0,MILL-DELIVERY,N I L,60 DAY'S, ,0,0,0,3,,,NOTE : SUBMIT CENVAT COPY ALONG WITH,SUPPLY FOR OUR CENVAT CLAIM,NULL,1,E,STORE,ADD,P,0,0, ,0, ,4,1,,,0
20122013,CH,703,12-03-13,302P367,TELE.ENQ.,TELE.QUOT.,1,0,0,0,1,5,0,MILL-DELIVERY,N I L,30 DAY'S, ,0,0,0,3,,,,,NULL,1,E,STORE,ADD,P,0,0, ,0, ,4,1,,,0
20122013,CH,704,12-03-13,302G253,LAST PO.CH/698 DT.07.03.13,,3,3,54,3,1,5,0,MILL-DELIVERY-{GFL} MAKE,N I L,60 DAY'S, ,0,0,0,2,,,NOTE : SUBMIT CENVAT COPY ALONG WITH,SUPPLY FOR OUR CENVAT CLAIM,NULL,3,E,STORE,ADD,P,0,0, ,0, ,4,1,,,0
20122013,CH,705,12-03-13,302T155,TELE.ENQ.,TELE.QUOT.,3,3,3.05,3,1,5,0,MILL-DELIVERY-{NIRMA} MAKE,N I L,60 DAY'S, ,0,0,0,2,,,NOTE : SUBMIT CENVAT COPY ALONG WITH,SUPPLY FOR OUR CENVAT CLAIM,NULL,3,E,STORE,ADD,P,0,0, ,0, ,4,1,,,0
20122013,CH,706,12-03-13,302S866,LAST PO.CH/634 DT.05.02.2013,,1,3,2.28,3,1,5,0,MILL-DELIVERY-{NIRMA} MAKE,N I L,30 DAY'S, ,0,0,0,3,,,NOTE : SUBMIT CENVAT COPY ALONG WITH,SUPPLY FOR OUR CENVAT CLAIM,NULL,0, ,STORE,ADD,P,0,0, ,0, ,4,1,,,0
20122013,CH,707,14-03-13,302S873,TELE.ENQ.,TELE.QUOT.,2,3,132,3,1,5,0,MILL-DELIVERY-{GACL}MAKE,NIL,60 DAY'S, ,0,0,0,2,,,NOTE : SUBMIT CENVAT COPY ALONG WITH,SUPPLY FOR OUR CENVAT CLAIM,00:00.0,2,E,STORE,UPD,P,0,0, ,0, ,4,1,,,0
20122013,CH,708,14-03-13,302G205,LAST PO.CH/647 DT.08-02-13,,1,0,0,0,1,5,0,MILL-DELIVERY,N I L,30 DAY'S, ,0,0,0,2,,,,,NULL,1,E,STORE,ADD,P,0,0, ,0, ,4,1,,,0
20122013,CH,709,15-03-13,302K206,LAST PO.CH/691 DT.04-03-13,,4,3,54,3,1,5,0,MILL-DELIVERY-{GFL} MAKE,N I L,60 DAY'S, ,0,0,0,2,,,NOTE : SUBMIT CENVAT COPY ALONG WITH,SUPPLY FOR OUR CENVAT CLAIM,NULL,4,E,STORE,ADD,P,0,0, ,0, ,4,1,,,0
20122013,CH,710,15-03-13,302J197,LAST PO.CH/681 DT.25-02-13,,1,3,2.28,3,1,5,0,MILL-DELIVERY-{ NIRMA } MAKE,N I L,30 DAY'S, ,0,0,0,3,,,NOTE : SUBMIT CENVAT COPY ALONG WITH,SUPPLY FOR OUR CENVAT CLAIM,NULL,1,E,STORE,ADD,P,0,0, ,0, ,4,1,,,0
20122013,CH,711,15-03-13,302K199,LAST PO.CH/666 DT.18-02-13,,1,2,12,3,2,2,0,EX.ASLALI,EXTRA,30 DAY'S, ,0,0,0,3,,,NOTE : SUBMIT CENVAT COPY ALONG WITH,SUPPLY FOR OUR CENVAT CLAIM,NULL,1,E,STORE,ADD,P,0,0, ,0, ,2,0,,,0
20122013,CH,712,16-03-13,302B144,TELE.ENQ.,TELE.QUOT.,5,3,2.97,3,1,5,0,MILL-DELIVERY,N I L,60 DAY'S, ,0,0,0,2,,,NOTE : SUBMIT CENVAT COPY ALONG WITH,SUPPLY FOR OUR CENVAT CLAIM,NULL,5,E,STORE,ADD,P,0,0, ,0, ,4,1,,,0
20122013,CH,713,16-03-13,302P290,,LAST PO.CH/627 DT.29-01-13,1,0,0,0,0,0,0,MILL-DELIVERY,N I L,60 DAY'S, ,0,0,0,2,,,,,NULL,1,E,STORE,ADD,P,0,0, ,0, ,0,0,,,0
20122013,CH,714,16-03-13,302G194,LAST PO.CH/678 DT.23/02/13,,1,2,12,3,2,2,0,MILL DELIVERY,NIL,60 DAY'S, ,0,0,0,3,,,NOTE : SUBMIT CENVAT COPY ALONG WITH,SUPPLY FOR OUR CENVAT CLAIM,NULL,1,E,STORE,ADD,P,0,0, ,0, ,2,0,,,0
20122013,CH,715,16-03-13,302V207,TELE.ENQ.,E-MAIL DT.14/03/13,1,2,12,3,2,2,0,MILL DELIVERY,NIL,60 DAY'S, ,0,0,0,3,,,NOTE : SUBMIT CENVAT COPY ALONG WITH,SUPPLY FOR OUR CENVAT CLAIM,NULL,1,E,STORE,ADD,P,0,0, ,0, ,2,0,,,0
20122013,CH,716,18-03-13,302G253,LAST PO.CH/704 DT.12-03-13,,3,3,54,3,1,5,0,MILL-DELIVERY-{GFL} MAKE,N I L,60 DAY'S, ,0,0,0,2,,,NOTE : SUBMIT CENVAT COPY ALONG WITH,SUPPLY FOR OUR CENVAT CLAIM,00:00.0,3,E,STORE,UPD,P,0,0, ,0, ,4,1,,,0
20122013,CH,717,18-03-13,302S229,LAST PO.CH/579 DT.05-01-13,,1,0,0,0,1,5,0,MILL-DELIVERY,N I L,30 DAY'S, ,0,0,0,3,,,,,00:00.0,1,E,STORE,AMD,P,0,0, ,0, ,4,1,,,0
20122013,CH,718,19-03-13,302D202,LAST PO.CH/664 DT.18-02-13,,1,3,2.1,3,1,5,0,MILL-DELIVERY-{DCW } MAKE,N I L,30 DAY'S, ,0,0,0,3,,,NOTE : SUBMIT CENVAT COPY ALONG WITH,SUPPLY FOR OUR CENVAT CLAIM,NULL,1,E,STORE,ADD,P,0,0, ,0, ,4,1,,,0
20122013,CH,719,19-03-13,302K060,LAST PO.CH/616 DT.22-01-13,,1,3,4.8,3,1,5,0,MILL-DELIVERY-{ GACL } MAKE,N I L,60 DAY'S, ,0,0,0,2,,,NOTE : SUBMIT CENVAT COPY ALONG WITH,SUPPLY FOR OUR CENVAT CLAIM,NULL,1,E,STORE,ADD,P,0,0, ,0, ,4,1,,,0
20122013,CH,720,19-03-13,302Z014,LAST PO.CH/610 DT.18-01-13,,1,1,0,0,2,2,0,EX.MUMBAI,EXTRA,30 DAY'S, ,0,0,0,2,,,NOTE : SUBMIT CENVAT COPY ALONG WITH,SUPPLY FOR OUR CENVAT CLAIM,NULL,1,E,STORE,ADD,P,0,0, ,0, ,2,0,,,0
20122013,CH,721,19-03-13,302H175,,,1,3,2.28,3,1,5,0,MILL-DELIVERY-{NIRMA} MAKE,N I L,30 DAY'S, ,0,0,0,3,,,NOTE : SUBMIT CENVAT COPY ALONG WITH,SUPPLY FOR OUR CENVAT CLAIM,00:00.0,0, ,STORE,UPD,P,0,0, ,0, ,4,1,,,0
20122013,CH,722,19-03-13,302S698,TELE.ENQ.,AS PER E-MAIL DT.18-03-13,1,3,1250.4,3,1,5,0,MILL-DELIVERY,N I L,15 DAY'S, ,0,0,0,3,,,NOTE : SUBMIT CENVAT COPY ALONG WITH,SUPPLY FOR OUR CENVAT CLAIM,NULL,0, ,STORE,ADD,P,0,0, ,0, ,4,1,,,0
20122013,CH,723,19-03-13,302S229,LAST PO.CH/579 DT.05-01-13,,1,0,0,0,1,15,0,MILL-DELIVERY,N I L,30 DAY'S, ,0,0,0,2,,,,,00:00.0,1,E,STORE,UPD,P,0,0, ,0, ,12.5,2.5,,,0
20122013,CH,724,21-03-13,302G253,,,3,3,84,3,1,5,0,MILL-DELIVERY-{ADITYA BIRLA} MAKE,N I L,60 DAY'S, ,0,0,0,2,,,NOTE : SUBMIT CENVAT COPY ALONG WITH,SUPPLY FOR OUR CENVAT CLAIM,00:00.0,3,E,STORE,UPD,P,0,0, ,0, ,4,1,,,0
20122013,CH,725,21-03-13,302A486,LAST PO.CH/690 DT.02-03-13,,1,2,12,3,1,5,0,MILL-DELIVERY,N I L,60 DAY'S, ,0,0,0,3,,,NOTE : SUBMIT CENVAT COPY ALONG WITH,SUPPLY FOR OUR CENVAT CLAIM,NULL,1,E,STORE,ADD,P,0,0, ,0, ,4,1,,,0
20122013,CH,726,20-03-13,302Z014,LAST PO.CH/692 DT.04-03-13,LAST PO.CH/670 DT.20-02-13,4,1,0,0,2,2,0,MILL-DELIVERY,N I L,AGAINST DELIVERY, ,0,0,0,2,,,NOTE : SUBMIT CENVAT COPY ALONG WITH,SUPPLY FOR OUR CENVAT CLAIM,NULL,4,E,STORE,ADD,P,0,0, ,0, ,2,0,,,0
20122013,CH,727,21-03-13,302I093,TELE.ENQ.,TELE.QUOT.,1,3,3.32,3,1,5,0,MILL-DELIVERY,N I L,60 DAY'S, ,0,0,0,2,,,NOTE : SUBMIT CENVAT COPY ALONG WITH,SUPPLY FOR OUR CENVAT CLAIM,NULL,1,E,STORE,ADD,P,0,0, ,0, ,4,1,,,0
20122013,CH,728,21-03-13,302K060,LAST PO.CH/719 DT.19-03-2013,,1,3,4.8,3,1,5,0,MILL-DELIVERY-{GACL} MAKE,N I L,60 DAY'S, ,0,0,0,2,,,NOTE : SUBMIT CENVAT COPY ALONG WITH,SUPPLY FOR OUR CENVAT CLAIM,NULL,1,E,STORE,ADD,P,0,0, ,0, ,4,1,,,0
20122013,CH,729,23-03-13,302K060,TELE.ENQ.,TELE.QUOT.,3,3,3,3,1,5,0,MILL-DELIVERY-{MEGHMANI} MAKE,N I L,60 DAY'S, ,0,0,0,2,,,NOTE : SUBMIT CENVAT COPY ALONG WITH,SUPPLY FOR OUR CENVAT CLAIM,NULL,3,E,STORE,ADD,P,0,0, ,0, ,4,1,,,0
20122013,CH,730,23-03-13,302G253,LAST PO.CH/719 DT.19-03-2013,,3,3,54,3,1,5,0,MILL-DELIVERY-[ GFL ] MAKE,N I L,60 DAY'S, ,0,0,0,2,,,NOTE : SUBMIT CENVAT COPY ALONG WITH,SUPPLY FOR OUR CENVAT CLAIM,NULL,3,E,STORE,ADD,P,0,0, ,0, ,4,1,,,0
20122013,CH,731,25-03-13,302V198,,,1,3,13.56,3,2,2,0,EX.BHIWANDI,EXTRA,100% ADVANCE, ,0,0,0,2,,,NOTE : SUBMIT CENVAT COPY ALONG WITH,SUPPLY FOR OUR CENVAT CLAIM,NULL,0, ,STORE,ADD,P,0,0, ,0, ,2,0,,,0
20122013,CH,732,25-03-13,302M243,AS PERE-MAIL DT.23-03-13,,1,2,12,3,2,2,0,MILL-DELIVERY,N I L,60 DAY'S, ,0,0,0,3,,,NOTE : SUBMIT CENVAT COPY ALONG WITH,SUPPLY FOR OUR CENVAT CLAIM,NULL,0, ,STORE,ADD,P,0,0, ,0, ,2,0,,,0
20122013,CH,733,25-03-13,302G253,LAST PO.CH/730 DT.23-03-13,,3,3,54,3,1,5,0,MILL-DELIVERY-[GFL] MAKE,N I L,60 DAY'S, ,0,0,0,2,,,NOTE : SUBMIT CENVAT COPY ALONG WITH,SUPPLY FOR OUR CENVAT CLAIM,NULL,3,E,STORE,ADD,P,0,0, ,0, ,4,1,,,0
20122013,CH,734,26-03-13,302K060,AS PER LAST,,1,3,4.92,3,1,5,0,"MILL DELIVERY ""MEGHMANI"" MAKE",NIL,60 DAY'S, ,0,0,0,2,,,NOTE : SUBMIT CENVAT COPY ALONG WITH,SUPPLY FOR OUR CENVAT CLAIM,NULL,1,E,STORE,ADD,P,0,0, ,0, ,4,1,,,0
20122013,CH,735,29-03-13,302K060,LAST PO.CH/734 DT.26-03-13,,1,3,4.8,3,1,5,0,MILL-DELIVERY-[GACL] MAKE,N I L,60 DAY'S, ,0,0,0,2,,,NOTE : SUBMIT CENVAT COPY ALONG WITH,SUPPLY FOR OUR CENVAT CLAIM,00:00.0,1,E,STORE,UPD,P,0,0, ,0, ,4,1,,,0
20122013,CH,736,29-03-13,302G253,LAST PO.CH/733 DT.25-03-13,,5,3,54,3,1,5,0,MILL-DELIVERY-[GFL] MAKE,N I L,60 DAY'S, ,0,0,0,2,,,NOTE : SUBMIT CENVAT COPY ALONG WITH,SUPPLY FOR OUR CENVAT CLAIM,NULL,5,E,STORE,ADD,P,0,0, ,0, ,4,1,,,0
20122013,CH,737,29-03-13,302S900,LAST PO.CH/680 DT.25/02/13,,1,3,1.68,3,1,5,0,"MILL DELIVERY ""GACL"" MAKE",NIL,30 DAY'S, ,0,0,0,3,,,NOTE : SUBMIT CENVAT COPY ALONG WITH,SUPPLY FOR OUR CENVAT CLAIM,NULL,0, ,STORE,ADD,P,0,0, ,0, ,4,1,,,0
20122013,CH,738,29-03-13,302K060,,,3,3,3,3,1,5,0,MILL-DELIVERY-[MEGHMANI] MAKE,N I L,60 DAY'S, ,0,0,0,2,,,NOTE : SUBMIT CENVAT COPY ALONG WITH,SUPPLY FOR OUR CENVAT CLAIM,NULL,3,E,STORE,ADD,P,0,0, ,0, ,4,1,,,0
20122013,CH,739,30-03-13,302G253,,,1,3,120,3,1,5,0,MILL-DELIVERY-[NIRMA] MAKE,N I L,60 DAY'S, ,0,0,0,2,,,NOTE : SUBMIT CENVAT COPY ALONG WITH,SUPPLY FOR OUR CENVAT CLAIM,NULL,1,E,STORE,ADD,P,0,0, ,0, ,4,1,,,0
20122013,CP,430,01-03-13,302H114,,,2,0,0,0,1,5,0,MILL DELIVERY,NIL,60 DAYS, ,0,0,0,3,,,,,NULL,2,E,STORE,ADD,P,0,0, ,0, ,4,1,,,0
20122013,CP,431,04-03-13,302P366,,,1,0,0,0,1,5,0,MILL DELIVERY,NIL,30 DAYS, ,0,0,0,3,,,,,NULL,1,E,STORE,ADD,P,0,0, ,0, ,4,1,,,0
20122013,CP,432,04-03-13,302H190,,,2,0,0,0,1,5,0,EX WORKS,EXTRA,15 DAYS, ,0,0,0,3,,,,,00:00.0,0, ,STORE,UPD,P,0,0, ,0, ,4,1,,,0
20122013,CP,433,05-03-13,302D122,,,5,0,0,0,1,5,0,MILL DELIVERY,NIL,60 DAYS, ,0,0,0,3,,,,,NULL,5,E,STORE,ADD,P,0,0, ,0, ,4,1,,,0
20122013,CP,434,05-03-13,302B187,,,2,2,12,3,1,5,0,MILL DELIVERY,NIL,60 DAYS, ,0,0,0,3,,,NOTE : SUBMIT CENVAT COPY ALONG WITH,SUPPLY FOR OUR CENVAT CLAIM,NULL,2,E,STORE,ADD,P,0,0, ,0, ,4,1,,,0
20122013,CP,435,05-03-13,302L082,,,2,0,0,0,1,5,0,MILL DELIVERY,NIL,60 DAYS, ,0,0,0,3,,,,,NULL,2,E,STORE,ADD,P,0,0, ,0, ,4,1,,,0
20122013,CP,436,05-03-13,302L082,,,1,0,0,0,1,5,0,MILL DELIVERY,NIL,60 DAYS, ,0,0,0,3,,,,,NULL,1,E,STORE,ADD,P,0,0, ,0, ,4,1,,,0
20122013,CP,437,26-03-13,302S836,,RECEIVED,1,0,0,0,1,5,0,EX WORKS,EXTRA,60 DAYS, ,0,0,0,2,,,,,NULL,1,E,STORE,ADD,P,0,0, ,0, ,4,1,,,0
20122013,CP,438,06-03-13,302A477,,ATI/QTN/4935,6,2,12,3,1,5,0,MILL-DELIVERY,NIL,30-DAYS, ,0,0,0,3,TEST CERTIFICATE IS REQUIRE.,,NOTE : SUBMIT CENVAT COPY ALONG WITH,SUPPLY FOR OUR CENVAT CLAIM,00:00.0,6,E,STORE,UPD,P,0,0, ,0, ,4,1,,,0
20122013,CP,439,06-03-13,302M028,,,3,0,0,0,1,5,0,MILL-DELIVERY,NIL,60-DAYS, ,0,0,0,3,,,,,NULL,3,E,STORE,ADD,P,0,0, ,0, ,4,1,,,0
20122013,CP,440,06-03-13,302H114,,,1,0,0,0,1,5,0,MILL-DELIVERY,NIL,60-DAYS, ,0,0,0,3,,,,,NULL,1,E,STORE,ADD,P,0,0, ,0, ,4,1,,,0
20122013,CP,441,07-03-13,302J150,,,2,0,0,0,1,5,0,MILL DELIVERY,NIL,60 DAYS, ,0,0,0,3,,,,,00:00.0,2,E,STORE,UPD,P,0,0, ,0, ,4,1,,,0
20122013,CP,442,08-03-13,302I138,,BILL NO.092 DT4/3/13,1,0,0,0,1,15,0,MILL DELIVERY,NILL,60 DAYS, ,0,0,0,3,MATERIAL RECEIVED,,,,NULL,1,E,STORE,ADD,P,0,0, ,0, ,12.5,2.5,,,0
20122013,CP,443,09-03-13,302P181,,,2,3,1739,3,1,15,0,EX WORKS,EXTRA,IMMEDIATE, ,0,0,0,3,,,NOTE : SUBMIT CENVAT COPY ALONG WITH,SUPPLY FOR OUR CENVAT CLAIM,00:00.0,2,E,STORE,UPD,P,0,0, ,0, ,12.5,2.5,,,0
20122013,CP,444,09-03-13,302P135,,,2,3,5933,3,1,5,0,EX WORKS,EXTRA,IMMEDIATE, ,0,0,0,3,,,NOTE : SUBMIT CENVAT COPY ALONG WITH,SUPPLY FOR OUR CENVAT CLAIM,00:00.0,2,E,ASD,UPD,P,0,0, ,0, ,4,1,,,0
20122013,CP,445,11-03-13,302H114,,,8,0,0,0,1,5,0,MILL DELIVERY,NIL,60 DAYS, ,0,0,0,3,,,,,00:00.0,8,E,STORE,UPD,P,0,0, ,0, ,4,1,,,0
20122013,CP,446,11-03-13,302A489,,MATERIAL  RECIEVED,1,2,12,3,1,5,0,EX WORKS,6000/- RS EXTRA,IMMEDIATE, ,0,0,0,3,,,NOTE : SUBMIT CENVAT COPY ALONG WITH,SUPPLY FOR OUR CENVAT CLAIM,NULL,1,E,STORE,ADD,P,0,0, ,0, ,4,1,,,0
20122013,CP,447,11-03-13,302M190,,,1,0,0,0,1,5,0,MILL DELIVERY,NIL,60 DAYS, ,0,0,0,3,,,,,NULL,1,E,STORE,ADD,P,0,0, ,0, ,4,1,,,0
20122013,CP,448,11-03-13,302M028,,,3,0,0,0,1,5,0,MILL DELIVERY,NIL,60 DAYS, ,0,0,0,3,,,,,NULL,3,E,STORE,ADD,P,0,0, ,0, ,4,1,,,0
20122013,CP,449,11-03-13,302J172,,,1,0,0,0,1,5,0,MILL DELIVERY,NIL,60 DAYS, ,0,0,0,3,,,,,00:00.0,1,E,STORE,UPD,P,0,0, ,0, ,4,1,,,0
20122013,CP,450,11-03-13,302B187,,,1,2,12,3,1,5,0,MILL DELIVERY,NIL,60 DAYS, ,0,0,0,3,,,NOTE : SUBMIT CENVAT COPY ALONG WITH,SUPPLY FOR OUR CENVAT CLAIM,NULL,1,E,STORE,ADD,P,0,0, ,0, ,4,1,,,0
20122013,CP,451,11-03-13,302T152,,,2,2,12,3,1,15,0,MILL DELIVERY,NIL,30 DAYS, ,0,0,0,3,,,NOTE : SUBMIT CENVAT COPY ALONG WITH,SUPPLY FOR OUR CENVAT CLAIM,NULL,2,E,STORE,ADD,P,0,0, ,0, ,12.5,2.5,,,0
20122013,CP,452,11-03-13,302M237,,,1,2,12,3,1,5,0,MILL DELIVERY,NIL,60 DAYS, ,0,0,0,3,,,NOTE : SUBMIT CENVAT COPY ALONG WITH,SUPPLY FOR OUR CENVAT CLAIM,00:00.0,1,E,STORE,UPD,P,0,0, ,0, ,4,1,,,0
20122013,CP,453,12-03-13,302B187,,,1,2,12,3,1,5,0,MILL DELIVERY,NIL,60 DAYS, ,0,0,0,3,,,NOTE : SUBMIT CENVAT COPY ALONG WITH,SUPPLY FOR OUR CENVAT CLAIM,00:00.0,1,E,STORE,UPD,P,0,0, ,0, ,4,1,,,0
20122013,CP,454,12-03-13,302S721,,,1,0,0,0,1,5,0,MILL DELIVERY,NIL,60 DAYS, ,0,0,0,3,,,,,NULL,1,E,STORE,ADD,P,0,0, ,0, ,4,1,,,0
20122013,CP,455,12-03-13,302H114,,,1,0,0,0,1,5,0,MILL DELIVERY,NIL,60 DAYS, ,0,0,0,3,,,,,NULL,1,E,STORE,ADD,P,0,0, ,0, ,4,1,,,0
20122013,CP,456,12-03-13,302M009,,,1,0,0,0,1,15,0,MILL DELIVERY,NIL,60 DAYS, ,0,0,0,3,,,,,NULL,1,E,STORE,ADD,P,0,0, ,0, ,12.5,2.5,,,0
20122013,CP,457,12-03-13,302H114,,,6,0,0,0,1,5,0,MILL DELIVERY,NIL,60 DAYS, ,0,0,0,3,,,,,NULL,6,E,STORE,ADD,P,0,0, ,0, ,4,1,,,0
20122013,CP,458,12-03-13,302M028,,,3,0,0,0,1,5,0,MILL DELIVERY,NIL,60 DAYS, ,0,0,0,3,,,,,NULL,3,E,STORE,ADD,P,0,0, ,0, ,4,1,,,0
20122013,CP,459,12-03-13,302I011,,,1,1,0,0,1,5,0,MILL DELIVERY,NIL,60 DAYS, ,0,0,0,3,,,NOTE : SUBMIT CENVAT COPY ALONG WITH,SUPPLY FOR OUR CENVAT CLAIM,NULL,1,E,STORE,ADD,P,0,0, ,0, ,4,1,,,0
20122013,CP,460,13-03-13,302M028,,,3,0,0,0,1,5,0,MILL DELIVERY,NIL,60 DAYS, ,0,0,0,3,,,,,00:00.0,3,E,STORE,UPD,P,0,0, ,0, ,4,1,,,0
20122013,CP,461,13-03-13,302A533,,,1,0,0,0,1,5,0,MILL DELIVERY,NIL,60 DAYS, ,0,0,0,3,,,,,NULL,1,E,STORE,ADD,P,0,0, ,0, ,4,1,,,0
20122013,CP,462,13-03-13,302H114,,,3,0,0,0,1,5,0,MILL DELIVERY,NIL,60 DAYS, ,0,0,0,3,,,,,00:00.0,3,E,ASD,UPD,P,0,0, ,0, ,4,1,,,0
20122013,CP,463,13-03-13,302A406,,,1,0,0,0,1,5,0,MILL DELIVERY,NIL,60 DAYS, ,0,0,0,3,,,,,NULL,1,E,STORE,ADD,P,0,0, ,0, ,4,1,,,0
20122013,CP,464,13-03-13,302M190,,,2,0,0,0,1,5,0,MILL DELIVERY,NIL,60 DAYS, ,0,0,0,3,,,,,NULL,2,E,STORE,ADD,P,0,0, ,0, ,4,1,,,0
20122013,CP,465,14-03-13,302R288,,REX/0703/12-13 DATE : 07/03/13,1,0,0,0,1,5,0,MILL-DELIVERY,NIL,100% OF INVOICE 15-DAYS FROM DATE, ,0,0,0,3,GAURANTEE/WARANTEE FOR :,"10,000 RUNNING HOURS.",,,00:00.0,1,E,STORE,UPD,P,0,0, ,0, ,4,1,,,0
20122013,CP,466,15-03-13,302B197,,,3,0,0,0,1,5,0,MILL DELIVERY,NIL,60 DAYS, ,0,0,0,3,,,,,NULL,3,E,STORE,ADD,P,0,0, ,0, ,4,1,,,0
20122013,CP,467,15-03-13,302H114,,,5,0,0,0,1,5,0,MILL DELIVERY,NIL,60 DAYS, ,0,0,0,3,,,,,NULL,5,E,STORE,ADD,P,0,0, ,0, ,4,1,,,0
20122013,CP,468,18-03-13,302A331,,,1,0,0,0,0,0,0,EX WORKS,EXTRA,IMMEDIATE, ,0,0,0,3,,,,,00:00.0,1,E,STORE,UPD,P,0,0, ,0, ,0,0,,,0
20122013,CP,469,18-03-13,302M028,,,1,0,0,0,1,5,0,MILL DELIVERY,NIL,60 DAYS, ,0,0,0,3,,,,,00:00.0,1,E,STORE,UPD,P,0,0, ,0, ,4,1,,,0
20122013,CP,470,19-03-13,302B187,,,3,2,12,3,1,5,0,MILL DELIVERY,NIL,60 DAYS, ,0,0,0,3,,,NOTE : SUBMIT CENVAT COPY ALONG WITH,SUPPLY FOR OUR CENVAT CLAIM,NULL,3,E,STORE,ADD,P,0,0, ,0, ,4,1,,,0
20122013,CP,471,19-03-13,302L082,,,4,0,0,0,1,5,0,MILL DELIVERY,NIL,60 DAYS, ,0,0,0,3,,,,,NULL,4,E,STORE,ADD,P,0,0, ,0, ,4,1,,,0
20122013,CP,472,19-03-13,302D122,,,3,0,0,0,1,5,0,MILL DELIVERY,NIL,60 DAYS, ,0,0,0,3,,,,,00:00.0,3,E,STORE,UPD,P,0,0, ,0, ,4,1,,,0
20122013,CP,473,19-03-12,302K001,,RECEIVED,1,0,0,0,1,5,0,MILL DELIVERY,NIL,60 DAYS, ,0,0,0,3,,,,,NULL,0, ,ASD,ADD,P,0,0, ,0, ,4,1,,,0
20122013,CP,474,19-03-13,302S240,,,1,0,0,0,1,5,0,MILL DELIVERY,NIL,60 DAYS, ,0,0,0,3,,,,,NULL,1,E,STORE,ADD,P,0,0, ,0, ,4,1,,,0
20122013,CP,475,19-03-13,302H114,,,1,0,0,0,1,5,0,MILL DELIVERY,NIL,60 DAYS, ,0,0,0,3,,,,,NULL,1,E,STORE,ADD,P,0,0, ,0, ,4,1,,,0
20122013,CP,476,19-03-13,302A406,,,1,0,0,0,1,5,0,MILL DELIVERY,NIL,60 DAYS, ,0,0,0,3,,,,,NULL,1,E,STORE,ADD,P,0,0, ,0, ,4,1,,,0
20122013,CP,477,19-03-13,302P314,,,1,0,0,0,1,5,0,MILL DELIVERY,NIL,60 DAYS, ,0,0,0,3,,,,,NULL,1,E,STORE,ADD,P,0,0, ,0, ,4,1,,,0
20122013,CP,478,20-03-13,302S791,,,1,0,0,0,1,5,0,MILL DELIVERY,NIL,60 DAYS, ,0,0,0,3,,,,,00:00.0,0, ,STORE,UPD,P,0,0, ,0, ,4,1,,,0
20122013,CP,479,20-03-13,302J172,,,1,0,0,0,1,5,0,MILL DELIVERY,NIL,60 DAYS, ,0,0,0,3,,,,,00:00.0,1,E,STORE,UPD,P,0,0, ,0, ,4,1,,,0
20122013,CP,480,20-03-13,302M028,,,2,0,0,0,1,5,0,MILL DELIVERY,NIL,60 DAYS, ,0,0,0,3,,,,,00:00.0,2,E,STORE,AMD,P,0,0, ,0, ,4,1,,,0
20122013,CP,481,21-03-13,302S906,,,1,0,0,0,0,0,0,DELIVERED TO BIPINBHAI'S HOUSE,NIL,IMMEDIATE, ,0,0,0,3,,,,,NULL,1,E,STORE,ADD,P,0,0, ,0, ,0,0,,,0
20122013,CP,482,21-03-13,302O031,,,1,0,0,0,1,5,0,MILL DELIVERY,NIL,AGAINST DELIVERY, ,0,0,0,3,WARRANTY: ONE YEAR WITH 4 MANDATORY,SERVICE,,,NULL,0, ,STORE,ADD,P,0,0, ,0, ,4,1,,,0
20122013,CP,483,21-03-13,302H114,,,1,0,0,0,1,5,0,MILL DELIVERY,NIL,60 DAYS, ,0,0,0,3,,,,,NULL,1,E,ASD,ADD,P,0,0, ,0, ,4,1,,,0
20122013,CP,484,22-03-13,302H114,,,2,0,0,0,1,5,0,MILL DELIVERY,NIL,60 DAYS, ,0,0,0,3,,,,,NULL,2,E,STORE,ADD,P,0,0, ,0, ,4,1,,,0
20122013,CP,485,22-03-13,302L069,,,1,0,0,0,1,15,0,MILL DELIVERY,NIL,60 DAYS, ,0,0,0,3,,,,,00:00.0,1,E,STORE,AMD,P,0,0, ,0, ,12.5,2.5,,,0
20122013,CP,486,22-03-13,302B197,,,1,0,0,0,1,5,0,MILL DELIVERY,NIL,60 DAYS, ,0,0,0,3,,,,,NULL,1,E,STORE,ADD,P,0,0, ,0, ,4,1,,,0
20122013,CP,487,22-03-13,302K116,,,6,0,0,0,1,5,0,EX WORKS,1450/- extra,30 DAYS, ,0,0,0,3,,,,,00:00.0,6,E,ASD,UPD,P,0,0, ,0, ,4,1,,,0
20122013,CP,488,25-03-13,302S791,,,1,0,0,0,1,5,0,MILL DELIVERY,NIL,60 DAYS, ,0,0,0,3,,,,,NULL,0, ,STORE,ADD,P,0,0, ,0, ,4,1,,,0
20122013,CP,489,26-03-13,302P181,,,1,3,905,3,1,15,0,ex works,extra,IMMEDIATE, ,0,0,0,3,,,NOTE : SUBMIT CENVAT COPY ALONG WITH,SUPPLY FOR OUR CENVAT CLAIM,00:00.0,1,E,ASD,UPD,P,0,0, ,0, ,12.5,2.5,,,0
20122013,CP,490,29-03-13,302P135,,,4,0,0,0,1,5,0,EX WORKS,EXTRA,IMMEDIATE, ,0,0,0,3,,,,,NULL,4,E,ASD,ADD,P,0,0, ,0, ,4,1,,,0
20122013,CP,491,29-03-13,302H114,,,2,0,0,0,1,5,0,MILL DELIVERY,NIL,60 DAYS, ,0,0,0,3,,,,,NULL,2,E,ASD,ADD,P,0,0, ,0, ,4,1,,,0
20122013,CP,492,29-03-13,302K124,,,4,1,0,0,1,5,0,MILL DELIVERY,NIL,30 DAYS, ,0,0,0,3,,,NOTE : SUBMIT CENVAT COPY ALONG WITH,SUPPLY FOR OUR CENVAT CLAIM,00:00.0,0, ,STORE,UPD,P,0,0, ,0, ,4,1,,,0
20122013,CP,493,29-03-13,302I136,,,2,4,0,0,1,5,0,MILL DELIVERY,NIL,60 DAYS, ,0,0,0,3,,,NOTE : SUBMIT CENVAT COPY ALONG WITH,SUPPLY FOR OUR CENVAT CLAIM,NULL,0, ,STORE,ADD,P,0,0, ,0, ,4,1,,,0
20122013,CP,494,29-03-13,302P181,,,1,4,0,0,1,15,0,EX WORKS,EXTRA,IMMEDIATE, ,0,0,0,3,,,NOTE : SUBMIT CENVAT COPY ALONG WITH,SUPPLY FOR OUR CENVAT CLAIM,NULL,0, ,STORE,ADD,P,0,0, ,0, ,12.5,2.5,,,0
20122013,CP,495,29-03-13,302P135,,,1,4,0,0,1,5,0,EX WORKS,EXTRA,IMMEDIATE, ,0,0,0,3,,,NOTE : SUBMIT CENVAT COPY ALONG WITH,SUPPLY FOR OUR CENVAT CLAIM,NULL,0, ,STORE,ADD,P,0,0, ,0, ,4,1,,,0
20122013,CP,496,29-03-13,302P135,,,1,0,0,0,1,5,0,EX WORKS,EXTRA,IMMEDIATE, ,0,0,0,3,,,,,00:00.0,0, ,STORE,UPD,P,0,0, ,0, ,4,1,,,0
20122013,CP,497,29-03-13,302H114,,,1,0,0,0,1,5,0,MILL DELIVERY,NIL,60 DAYS, ,0,0,0,3,,,,,NULL,1,E,STORE,ADD,P,0,0, ,0, ,4,1,,,0
20122013,CP,498,29-03-13,302A295,,,1,0,0,0,1,5,0,MILL DELIVERY,NIL,60 DAYS, ,0,0,0,3,,,,,NULL,1,E,STORE,ADD,P,0,0, ,0, ,4,1,,,0
20122013,CP,499,25-03-13,302S240,,,1,0,0,0,1,5,0,MILL DELIVERY,NIL,60 DAYS, ,0,0,0,3,,,,,NULL,1,E,STORE,ADD,P,0,0, ,0, ,4,1,,,0
20122013,CP,500,29-03-13,302K124,,,1,0,0,0,1,5,0,MILL DELIVERY,NIL,30 DAYS, ,0,0,0,3,,,,,NULL,1,E,STORE,ADD,P,0,0, ,0, ,4,1,,,0
20122013,CP,501,29-03-13,302Y030,,,1,2,12,3,2,2,0,EX WORKS,EXTRA,25% ADVANCE, ,73500,0,0,3,65% AGNST PROFORMA,10% AGNST SUCCESSFUL COMMISSIONING,NOTE : SUBMIT CENVAT COPY ALONG WITH,SUPPLY FOR OUR CENVAT CLAIM,00:00.0,0, ,STORE,UPD,P,0,0, ,0, ,2,0,,,0
20122013,FC,25,22-03-13,302J174,,,1,0,0,0,1,0,0,MILL DELIVERY,NIL,60 DAYS, ,0,0,0,3,,,,,NULL,0, ,STORE,ADD,P,0,0, ,0, ,0,0,,,0
20122013,FC,26,22-03-13,302J174,,,5,0,0,0,1,0,0,MILL DELIVERY,NIL,60 DAYS, ,0,0,0,3,,,,,00:00.0,3, ,STORE,UPD,P,0,0, ,0, ,0,0,,,0
20122013,FC,27,22-03-13,302J174,,,1,0,0,0,1,5,0,MILL DELIVERY,NIL,60 DAYS, ,0,0,0,3,,,,,NULL,1,E,STORE,ADD,P,0,0, ,0, ,4,1,,,0
20122013,FC,28,26-03-13,302J174,,,1,0,0,0,1,5,0,MILL DELIVERY,NIL,60 DAYS, ,0,0,0,3,,,,,NULL,0, ,STORE,ADD,P,0,0, ,0, ,4,1,,,0
20122013,IM,16,18-03-13,302H080,,,6,3,8447.24,3,0,0,0,EX WORKS,,IMMEDIATE, ,0,0,0,2,,,NOTE : SUBMIT CENVAT COPY ALONG WITH,SUPPLY FOR OUR CENVAT CLAIM,NULL,6,E,STORE,ADD,P,85720.36,0, ,0, ,0,0,,,0
20122013,IM,17,28-03-13,302A484,,,1,3,8087.47,3,0,0,0,EX WORKS,,, ,0,0,0,3,,,NOTE : SUBMIT CENVAT COPY ALONG WITH,SUPPLY FOR OUR CENVAT CLAIM,00:00.0,1,E,STORE,UPD,P,144339.82,0, ,0, ,0,0,,,0
20122013,IM,18,28-03-13,302H037,,,4,3,6144.42,3,0,0,0,EX WORKS,,IMMEDIATE, ,0,0,0,3,,,NOTE : SUBMIT CENVAT COPY ALONG WITH,SUPPLY FOR OUR CENVAT CLAIM,00:00.0,4,E,STORE,UPD,P,268366.71,0, ,0, ,0,0,,,0
20122013,LB,197,09-03-13,302C197,,,5,0,0,0,1,5,0,MILL DELIVERY,NIL,60 DAYS, ,0,0,0,3,,,,,00:00.0,5,E,STORE,UPD,P,0,0, ,0, ,4,1,,,0
20122013,LB,198,09-03-13,302S017,,,1,0,0,0,1,5,0,MILL DELIVERY,NIL,60 DAYS, ,0,0,0,3,,,,,NULL,1,E,STORE,ADD,P,0,0, ,0, ,4,1,,,0
20122013,LB,199,09-03-13,302K120,,,2,0,0,0,1,5,0,MILL DELIVERY,NIL,60 DAYS, ,0,0,0,3,,,,,NULL,2,E,STORE,ADD,P,0,0, ,0, ,4,1,,,0
20122013,LB,200,09-03-13,302D003,,,1,0,0,0,1,5,0,MILL DELIVERY,NIL,60 DAYS, ,0,0,0,3,,,,,NULL,0, ,STORE,ADD,P,0,0, ,0, ,4,1,,,0
20122013,LB,201,09-03-13,302N056,,,1,0,0,0,1,5,0,MILL DELIVERY,NIL,60 DAYS, ,0,0,0,3,,,,,NULL,1,E,STORE,ADD,P,0,0, ,0, ,4,1,,,0
20122013,LB,202,15-03-13,302K120,,,1,0,0,0,1,5,0,MILL DELIVERY,NIL,60 DAYS, ,0,0,0,3,,,,,NULL,1,E,STORE,ADD,P,0,0, ,0, ,4,1,,,0
20122013,LB,203,21-03-13,302K120,,,3,0,0,0,1,5,0,MILL DELIVERY,NIL,60 DAYS, ,0,0,0,3,,,,,00:00.0,3,E,STORE,UPD,P,0,0, ,0, ,4,1,,,0
20122013,LB,204,21-03-13,3.02E+123,,,2,0,0,0,1,5,0,MILL DELIVERY,NIL,60 DAYS, ,0,0,0,3,,,,,00:00.0,2,E,STORE,UPD,P,0,0, ,0, ,4,1,,,0
20122013,LB,205,20-03-13,302S630,,,3,0,0,0,1,5,0,MILL DELIVERY,NIL,60 DAYS, ,0,0,0,3,,,,,00:00.0,3,E,STORE,UPD,P,0,0, ,0, ,4,1,,,0
20122013,LB,206,20-03-13,302D003,,,2,0,0,0,1,5,0,MILL DELIVERY,NIL,60 DAYS, ,0,0,0,3,,,,,00:00.0,2,E,STORE,UPD,P,0,0, ,0, ,4,1,,,0
20122013,LB,207,22-03-13,302D003,,,5,0,0,0,1,5,0,MILL DELIVERY,NIL,60 DAYS, ,0,0,0,3,,,,,NULL,5,E,STORE,ADD,P,0,0, ,0, ,4,1,,,0
20122013,LB,208,22-03-13,302S630,,,3,0,0,0,1,5,0,MILL DELIVERY,NIL,60 DAYS, ,0,0,0,3,,,,,NULL,3,E,STORE,ADD,P,0,0, ,0, ,4,1,,,0
20122013,LB,209,22-03-13,302K120,,,1,0,0,0,1,5,0,MILL DELI VERY,NIL,60 DAYS, ,0,0,0,3,,,,,NULL,0, ,STORE,ADD,P,0,0, ,0, ,4,1,,,0
20122013,LB,210,22-03-13,3.02E+123,,,1,0,0,0,1,5,0,MILL DELIVERY,NIL,60 DAYS, ,0,0,0,3,,,,,NULL,1,E,STORE,ADD,P,0,0, ,0, ,4,1,,,0
20122013,LB,211,22-03-13,302D003,,,1,0,0,0,1,5,0,MILL DELIVERY,NIL,60 DAYS, ,0,0,0,3,,,,,NULL,1,E,STORE,ADD,P,0,0, ,0, ,4,1,,,0
20122013,LB,212,22-03-13,302S630,,,1,0,0,0,1,5,0,MILL DELIVERY,NIL,60 DAYS, ,0,0,0,3,,,,,NULL,1,E,STORE,ADD,P,0,0, ,0, ,4,1,,,0
20122013,LB,213,23-03-13,302S051,GP.NO.418 DT.6/3/13,INVOICE NO.211360322 DT.23/3/1,1,0,0,0,6,12.36,0,EX WORK,NIL,PAID, ,0,0,0,3,MATERIAL RECEIVED,,,,NULL,1,E,STORE,ADD,P,0,0, ,0, ,12.36,0,20122013,REP,418
20122013,LB,214,25-03-13,3.02E+123,,,1,0,0,0,1,5,0,MILL DELIVERY,NIL,60 DAYS, ,0,0,0,3,,,,,NULL,1,E,STORE,ADD,P,0,0, ,0, ,4,1,,,0
20122013,LB,215,25-03-13,302D003,,,5,0,0,0,1,5,0,MILL DELIVERY,NIL,60 DAYS, ,0,0,0,3,,,,,NULL,4, ,STORE,ADD,P,0,0, ,0, ,4,1,,,0
20122013,LB,216,25-03-13,302S630,,,4,0,0,0,1,5,0,MILL DELIVERY,NIL,60 DAYS, ,0,0,0,3,,,,,NULL,4,E,STORE,ADD,P,0,0, ,0, ,4,1,,,0
20122013,LB,217,29-03-13,302C183,,,1,0,0,0,1,5,0,MILL DELIVERY,NIL,60 DAYS, ,0,0,0,3,,,,,NULL,1,E,ASD,ADD,P,0,0, ,0, ,4,1,,,0
20122013,MM,63,04-03-13,302A504,,RECEIVED,4,0,0,0,1,5,0,MILL DELIVERY,NIL,60 DAYS, ,0,0,0,2,,,,,00:00.0,4,E,STORE,UPD,P,0,0, ,0, ,4,1,,,0
20122013,MM,64,06-03-13,302P314,,,4,0,0,0,1,5,0,MILL DELIVERY,NIL,60 DAYS, ,0,0,0,3,,,,,00:00.0,4,E,STORE,UPD,P,0,0, ,0, ,4,1,,,0
20122013,MM,65,06-03-13,302R235,,,2,0,0,0,1,5,0,MILL DELIVERY,NIL,60 DAYS, ,0,0,0,3,,,,,00:00.0,2,E,STORE,UPD,P,0,0, ,0, ,4,1,,,0
20122013,MM,66,06-03-13,302T151,,,9,0,0,0,1,5,0,EX WORKS,EXTRA AT ACTUAL,60 DAYS, ,0,0,0,3,,,,,NULL,9,E,STORE,ADD,P,0,0, ,0, ,4,1,,,0
20122013,MM,67,18-03-13,302A504,,RECEIVED,4,0,0,0,1,5,0,MILL DELIVERY,NIL,60 DAYS, ,0,0,0,3,,,,,NULL,4,E,STORE,ADD,P,0,0, ,0, ,4,1,,,0
20122013,MM,68,19-03-13,302P314,,,2,0,0,0,1,5,0,MILL DELIVERY,NIL,60 DAYS, ,0,0,0,3,,,,,NULL,2,E,STORE,ADD,P,0,0, ,0, ,4,1,,,0
20122013,MM,69,19-03-13,302M261,,,4,0,0,0,1,5,0,MILL DELIVERY,NIL,60 DAYS, ,0,0,0,3,,,,,NULL,4,E,STORE,ADD,P,0,0, ,0, ,4,1,,,0
20122013,MS,172,01-03-13,302P314,,,1,0,0,0,1,5,0,MILL DELIVERY,NIL,60 DAYS, ,0,0,0,3,,,,,NULL,1,E,STORE,ADD,P,0,0, ,0, ,4,1,,,0
20122013,MS,173,01-03-13,302J172,,,1,0,0,0,1,5,0,MILL DELIVERY,NIL,60 DAYS, ,0,0,0,3,,,,,NULL,1,E,STORE,ADD,P,0,0, ,0, ,4,1,,,0
20122013,MS,174,02-03-13,302N056,,,1,0,0,0,1,15,0,MILL DELIVERY,NIL,CASH PAYMENT, ,0,0,0,3,,,,,00:00.0,1,E,STORE,UPD,P,0,0, ,0, ,12.5,2.5,,,0
20122013,MS,175,04-03-13,302M261,,,2,0,0,0,1,5,0,MILL DELIVERY,NIL,60 DAYS, ,0,0,0,3,,,,,00:00.0,2,E,STORE,UPD,P,0,0, ,0, ,4,1,,,0
20122013,MS,176,04-03-13,302C227,,,5,0,0,0,1,5,0,MILL DELIVERY,NILL,60 DAYS, ,0,0,0,3,MATERIAL RECEIVED,SERVICE CHARGE RS./-750  PER VISIT,(750X2 VISIT=1500 RS. EXTRA),,00:00.0,5,E,STORE,UPD,P,0,0, ,0, ,4,1,,,0
20122013,MS,177,07-03-13,302F069,TELE.ENQ.,TELE.QUOT.,1,2,12,3,1,5,0,MILL-DELIVERY,N I L,30 DAY'S, ,0,0,0,2,,,NOTE : SUBMIT CENVAT COPY ALONG WITH,SUPPLY FOR OUR CENVAT CLAIM,NULL,1,E,STORE,ADD,P,0,0, ,0, ,4,1,,,0
20122013,MS,178,11-03-13,302C234,,,2,0,0,0,1,15,0,EX WORKS,EXTRA,7 DAYS, ,0,0,0,3,WARRANTY: WARRANTEED AGAINST ANY,MANUFACTURING DEFECT FOR A PERIOD OF,ONE YEAR FROM THE DATE OF DISPATCH,,00:00.0,2,E,STORE,UPD,P,0,0, ,0, ,12.5,2.5,,,0
20122013,MS,179,11-03-13,302M028,,,1,0,0,0,1,15,0,MILL DELIVERY,NIL,60 DAY, ,0,0,0,3,,,,,NULL,1,E,STORE,ADD,P,0,0, ,0, ,12.5,2.5,,,0
20122013,MS,180,11-03-13,302M294,,,5,0,0,0,1,5,0,MILL DELIVERY,NIL,60 DAYS, ,0,0,0,3,,,,,NULL,0, ,STORE,ADD,P,0,0, ,0, ,4,1,,,0
20122013,MS,181,11-03-13,302N056,,,2,0,0,0,1,5,0,MILL DELIVERY,NIL,60 DAYS, ,0,0,0,3,,,,,00:00.0,2,E,STORE,UPD,P,0,0, ,0, ,4,1,,,0
20122013,MS,182,11-03-13,302N056,,,1,0,0,0,1,15,0,MILL DELIVERY,NIL,60 DAYS, ,0,0,0,3,,,,,00:00.0,1,E,STORE,UPD,P,0,0, ,0, ,12.5,2.5,,,0
20122013,MS,183,11-03-13,302M294,,,1,0,0,0,1,15,0,MILL DELIVERY,NIL,60 DAYS, ,0,0,0,3,,,,,NULL,0, ,STORE,ADD,P,0,0, ,0, ,12.5,2.5,,,0
20122013,MS,184,12-03-13,302V129,LAST PO.MS/155 DT.25-01-13,,1,2,12,3,2,2,0,EX.NAGPUR,EXTRA,30 DAY'S, ,0,0,0,3,,,NOTE : SUBMIT CENVAT COPY ALONG WITH,SUPPLY FOR OUR CENVAT CLAIM,NULL,1,E,STORE,ADD,P,0,0, ,0, ,2,0,,,0
20122013,MS,185,12-03-13,302M028,,,1,0,0,0,1,5,0,MILL DELIVERY,NIL,60 DAYS, ,0,0,0,2,,,,,NULL,1,E,STORE,ADD,P,0,0, ,0, ,4,1,,,0
20122013,MS,186,13-03-13,302M028,,,1,0,0,0,1,15,0,MILL DELIVERY,NIL,60 DAYS, ,0,0,0,3,,,,,NULL,0, ,STORE,ADD,P,0,0, ,0, ,12.5,2.5,,,0
20122013,MS,187,15-03-13,302A406,,,1,0,0,0,1,5,0,MILL DELIVERY,NIL,60 DAYS, ,0,0,0,3,,,,,NULL,1,E,STORE,ADD,P,0,0, ,0, ,4,1,,,0
20122013,MS,188,15-03-13,302N075,,MATERIAL RECEIVED,1,0,0,0,1,15,0,MILL DELIVERY,NIL,60 DAYS, ,0,0,0,2,,,,,NULL,1,E,STORE,ADD,P,0,0, ,0, ,12.5,2.5,,,0
20122013,MS,189,20-03-13,302A406,,,2,0,0,0,1,5,0,MILL DELIVERY,NIL,60 DAYS, ,0,0,0,3,,,,,00:00.0,2,E,STORE,AMD,P,0,0, ,0, ,4,1,,,0
20122013,MS,190,20-03-13,302M261,,,1,0,0,0,1,5,0,MILL DELIVERY,NIL,60 DAYS, ,0,0,0,3,,,,,00:00.0,1,E,STORE,AMD,P,0,0, ,0, ,4,1,,,0
20122013,MS,191,20-03-13,302L082,,,3,0,0,0,1,5,0,MILL DELIVERY,NIL,60 DAYS, ,0,0,0,3,,,,,00:00.0,3,E,STORE,AMD,P,0,0, ,0, ,4,1,,,0
20122013,MS,192,21-03-13,302H114,,,1,0,0,0,1,5,0,MILL DELIVERY,NIL,60 DAYS, ,0,0,0,3,,,,,NULL,1,E,ASD,ADD,P,0,0, ,0, ,4,1,,,0
20122013,MS,193,22-03-13,302N187,,,2,0,0,0,1,5,0,MILL DELIVERY,NIL,AGANST PROFORMA, ,17325,0,0,3,,,,,00:00.0,0, ,STORE,UPD,P,0,0, ,0, ,4,1,,,0
20122013,MS,194,22-03-13,302K245,,,2,0,0,0,1,5,0,MILL DELIVERY,NIL,30 DAYS, ,0,0,0,3,WARRANTY: 3 MONTH FOR ITEM 1,,,,00:00.0,1, ,STORE,UPD,P,0,0, ,0, ,4,1,,,0
20122013,MS,195,22-03-13,302D168,,,1,0,0,0,1,5,0,MILL DELIVERY,NIL,60 DAYS, ,0,0,0,3,,,,,00:00.0,0, ,STORE,UPD,P,0,0, ,0, ,4,1,,,0
20122013,MS,196,22-03-13,302J150,,,1,0,0,0,1,15,0,MILL DELIVERY,NIL,60 DAYS, ,0,0,0,3,,,,,00:00.0,1,E,STORE,UPD,P,0,0, ,0, ,12.5,2.5,,,0
20122013,MS,197,22-03-13,302K192,,,1,0,0,0,1,15,0,MILL DELIVERY,NIL,60 DAYS, ,0,0,0,3,,,,,NULL,1,E,STORE,ADD,P,0,0, ,0, ,12.5,2.5,,,0
20122013,MS,198,22-03-13,302H181,,,8,0,0,0,2,2,0,EX WORKS,EXTRA,30 DAYS, ,0,0,0,3,,,,,00:00.0,0, ,ASD,UPD,P,0,0, ,0, ,2,0,,,0
20122013,MS,200,23-03-13,302N075,,RECEIVED,1,0,0,0,1,15,0,EX WORKS,EXTRA AT ACTUAL,60 DAYS, ,0,0,0,2,,,,,NULL,1,E,STORE,ADD,P,0,0, ,0, ,12.5,2.5,,,0
20122013,MS,201,23-03-13,302N075,,RECEIVED,1,0,0,0,1,15,0,EX WORKS,EXTRA AT ACTUAL,60 DAYS, ,0,0,0,2,,,,,NULL,1,E,STORE,ADD,P,0,0, ,0, ,12.5,2.5,,,0
20122013,MS,202,25-03-13,302P084,,,3,0,0,0,1,5,0,MILL DELIVERY,NIL,60 DAYS, ,0,0,0,3,,,,,NULL,2, ,STORE,ADD,P,0,0, ,0, ,4,1,,,0
20122013,MS,203,25-03-13,302J150,,,1,0,0,0,1,0,0,MILL DELIVERY,NIL,60 DAYS, ,0,0,0,3,,,,,NULL,1,E,ASD,ADD,P,0,0, ,0, ,0,0,,,0
20122013,MS,204,25-03-13,3.02E+86,,,2,0,0,0,1,2,0,EX WORKS,courier charge,AGAINST PROFORMA, ,918,0,0,3,,,,,00:00.0,0, ,STORE,UPD,P,102,0, ,0, ,2,0,,,0
20122013,MS,205,26-03-13,302M261,,,1,0,0,0,1,5,0,MILL DELIVERY,NIL,60 DAYS, ,0,0,0,3,,,,,NULL,1,E,STORE,ADD,P,0,0, ,0, ,4,1,,,0
20122013,MS,206,29-03-13,302I138,,,1,0,0,0,1,5,0,MILL DELIVERY,NIL,60 DAYS, ,0,0,0,3,,,,,NULL,1,E,ASD,ADD,P,0,0, ,0, ,4,1,,,0
20122013,MS,207,29-03-13,302R238,,,1,0,0,0,0,0,0,MILL DELIVERY,NIL,30 DAYS AFTER COMPL. DELIVERY, ,0,0,0,3,,,,,00:00.0,0, ,STORE,UPD,P,0,0, ,0, ,0,0,,,0
20122013,OG,86,01-03-13,302P336,,,1,1,0,0,1,17.5,0,MILL DELIVERY,NIL,60 DAYS, ,0,0,0,3,,,NOTE : SUBMIT CENVAT COPY ALONG WITH,SUPPLY FOR OUR CENVAT CLAIM,NULL,1,E,STORE,ADD,P,0,0, ,0, ,15,2.5,,,0
20122013,OG,87,02-03-13,302R167,,,2,1,0,0,1,17.5,0,MILL DELIVERY,NIL,60 DAYS, ,0,0,0,3,,,NOTE : SUBMIT CENVAT COPY ALONG WITH,SUPPLY FOR OUR CENVAT CLAIM,NULL,2,E,STORE,ADD,P,0,0, ,0, ,15,2.5,,,0
20122013,OG,88,02-03-13,302P336,,,2,1,0,0,1,17.5,0,MILL DELIVERY,NIL,60 DAYS, ,0,0,0,3,,,NOTE : SUBMIT CENVAT COPY ALONG WITH,SUPPLY FOR OUR CENVAT CLAIM,NULL,2,E,STORE,ADD,P,0,0, ,0, ,15,2.5,,,0
20122013,OG,89,12-03-13,302R167,,RECEIVED,2,1,0,0,1,17.5,0,MILL DELIVERY,NIL,60 DAYS, ,0,0,0,2,,,NOTE : SUBMIT CENVAT COPY ALONG WITH,SUPPLY FOR OUR CENVAT CLAIM,NULL,2,E,STORE,ADD,P,0,0, ,0, ,15,2.5,,,0
20122013,OG,90,12-03-13,302P336,,,3,1,0,0,1,17.5,0,MILL DELIVERY,NIL,60 DAYS, ,0,0,0,3,,,NOTE : SUBMIT CENVAT COPY ALONG WITH,SUPPLY FOR OUR CENVAT CLAIM,NULL,3,E,STORE,ADD,P,0,0, ,0, ,15,2.5,,,0
20122013,OG,91,20-03-13,302R167,,,2,1,0,0,1,17.5,0,MILL DELIVERY,NIL,60 DAYS, ,0,0,0,3,,,NOTE : SUBMIT CENVAT COPY ALONG WITH,SUPPLY FOR OUR CENVAT CLAIM,NULL,2,E,STORE,ADD,P,0,0, ,0, ,15,2.5,,,0
20122013,OG,92,20-03-13,302P336,,,2,1,0,0,1,17.5,0,MILL DELIVERY,NIL,60 DAYS, ,0,0,0,3,,,NOTE : SUBMIT CENVAT COPY ALONG WITH,SUPPLY FOR OUR CENVAT CLAIM,NULL,2,E,STORE,ADD,P,0,0, ,0, ,15,2.5,,,0
20122013,PK,712,01-03-13,302N176,TELE.ENQ.,TELE.QUOT.,1,2,12,3,1,5,0,MILL-DELIVERY,N I L,30 DAY'S, ,0,0,0,2,,,NOTE : SUBMIT CENVAT COPY ALONG WITH,SUPPLY FOR OUR CENVAT CLAIM,NULL,1,E,STORE,ADD,P,0,0, ,0, ,4,1,,,0
20122013,PK,713,01-03-13,302N176,D - 090/675 DT.28-02-13,,1,2,12,3,1,5,0,MILL-DELIVERY,N I L,30 DAY'S, ,0,0,0,3,,,NOTE : SUBMIT CENVAT COPY ALONG WITH,SUPPLY FOR OUR CENVAT CLAIM,NULL,1,E,STORE,ADD,P,0,0, ,0, ,4,1,,,0
20122013,PK,714,02-03-13,302N170,TELE.ENQ.,TELE.QUOT.,1,2,12,3,1,5,0,MILL-DELIVERY,N I L,60 DAY'S, ,0,0,0,2,,,NOTE : SUBMIT CENVAT COPY ALONG WITH,SUPPLY FOR OUR CENVAT CLAIM,NULL,1,E,STORE,ADD,P,0,0, ,0, ,4,1,,,0
20122013,PK,715,02-03-13,302D204,LAST PO.PK-645 DT.29/01/13,,1,2,12,3,1,5,0,MILL DELIVERY,NIL,30 DAY'S, ,0,0,0,2,,,NOTE : SUBMIT CENVAT COPY ALONG WITH,SUPPLY FOR OUR CENVAT CLAIM,NULL,1,E,STORE,ADD,P,0,0, ,0, ,4,1,,,0
20122013,PK,716,04-03-13,302N176, A -405/679 DT.02-03-13,,1,2,12,3,1,5,0,MILL-DELIVERY,N I L,30 DAY'S, ,0,0,0,3,,,NOTE : SUBMIT CENVAT COPY ALONG WITH,SUPPLY FOR OUR CENVAT CLAIM,NULL,1,E,STORE,ADD,P,0,0, ,0, ,4,1,,,0
20122013,PK,717,04-03-13,302N176,C-075/683 DT.02-03-13,,1,2,12,3,1,5,0,MILL-DELIVERY,N I L,30 DAY'S, ,0,0,0,3,,,NOTE : SUBMIT CENVAT COPY ALONG WITH,SUPPLY FOR OUR CENVAT CLAIM,NULL,1,E,STORE,ADD,P,0,0, ,0, ,4,1,,,0
20122013,PK,718,04-03-13,302N176,B-139/684 DT.02-03-13,,1,2,12,3,1,5,0,MILL-DELIVERY,N I L,30 DAY'S, ,0,0,0,3,,,NOTE : SUBMIT CENVAT COPY ALONG WITH,SUPPLY FOR OUR CENVAT CLAIM,00:00.0,1,E,STORE,UPD,P,0,0, ,0, ,4,1,,,0
20122013,PK,719,04-03-13,302N176,TELE.ENQ.,TELE.QUOT.,1,2,12,3,1,5,0,MILL-DELIVERY,N I L,30 DAY'S, ,0,0,0,3,,,NOTE : SUBMIT CENVAT COPY ALONG WITH,SUPPLY FOR OUR CENVAT CLAIM,NULL,1,E,STORE,ADD,P,0,0, ,0, ,4,1,,,0
20122013,PK,720,05-03-13,302F069,TELE.ENQ.,TELE.QUOT.,3,2,12,3,1,5,0,MILL-DELIVERY,N I L,30 DAY'S, ,0,0,0,2,,,NOTE : SUBMIT CENVAT COPY ALONG WITH,SUPPLY FOR OUR CENVAT CLAIM,NULL,3,E,STORE,ADD,P,0,0, ,0, ,4,1,,,0
20122013,PK,721,05-03-13,302M276,AS PER E-MAIL DT.05-03-2013,,1,2,12,3,3,0,0,MILL-DELIVERY,N I L,30 DAY'S, ,0,0,0,3,,,NOTE : SUBMIT CENVAT COPY ALONG WITH,SUPPLY FOR OUR CENVAT CLAIM,00:00.0,1,E,STORE,UPD,P,0,0, ,0, ,0,0,,,0
20122013,PK,722,06-03-13,302N176,TELE.ENQ.,TELE.QUOT.,1,2,12,3,1,5,0,MILL-DELIVERY,N I L,30 DAY'S, ,0,0,0,2,,,NOTE : SUBMIT CENVAT COPY ALONG WITH,SUPPLY FOR OUR CENVAT CLAIM,00:00.0,1,E,STORE,UPD,P,0,0, ,0, ,4,1,,,0
20122013,PK,723,06-03-13,302N176,N - 070/689 DT.05-03-2013,,1,2,12,3,1,5,0,MILL-DELIVERY,N I L,30 DAY'S, ,0,0,0,3,,,NOTE : SUBMIT CENVAT COPY ALONG WITH,SUPPLY FOR OUR CENVAT CLAIM,NULL,1,E,STORE,ADD,P,0,0, ,0, ,4,1,,,0
20122013,PK,724,06-03-13,302N176,1-071 / 688,,1,2,12,3,1,5,0,MILL-DELIVERY,N I L,30 DAY'S, ,0,0,0,3,,,NOTE : SUBMIT CENVAT COPY ALONG WITH,SUPPLY FOR OUR CENVAT CLAIM,NULL,1,E,STORE,ADD,P,0,0, ,0, ,4,1,,,0
20122013,PK,725,07-03-13,302T141,S -995/692 DT.06-03-2013,,1,2,12,3,5,0,0,MILL-DELIVERY,N I L,30 DAY'S, ,0,0,0,3,,,NOTE : SUBMIT CENVAT COPY ALONG WITH,SUPPLY FOR OUR CENVAT CLAIM,NULL,1,E,STORE,ADD,P,0,0, ,0, ,0,0,,,0
20122013,PK,726,07-03-13,302T141,S - 995/693 DT.06-03-2013,,1,2,12,3,5,0,0,MILL-DELIVERY,N I L,30 DAY'S, ,0,0,0,3,,,NOTE : SUBMIT CENVAT COPY ALONG WITH,SUPPLY FOR OUR CENVAT CLAIM,NULL,1,E,STORE,ADD,P,0,0, ,0, ,0,0,,,0
20122013,PK,727,07-03-13,302N170,TELE.ENQ.,TELE.QUOT.,1,2,12,3,1,5,0,MILL-DELIVERY,N I L,60 DAY'S, ,0,0,0,2,,,NOTE : SUBMIT CENVAT COPY ALONG WITH,SUPPLY FOR OUR CENVAT CLAIM,NULL,1,E,STORE,ADD,P,0,0, ,0, ,4,1,,,0
20122013,PK,728,08-03-13,302K082,TELE.ENQ.,AS PER E-MAIL DT.01-03-13,1,2,12,3,1,5,0,MILL-DELIVERY,N I L,60 DAY'S, ,0,0,0,2,,,NOTE : SUBMIT CENVAT COPY ALONG WITH,SUPPLY FOR OUR CENVAT CLAIM,NULL,1,E,STORE,ADD,P,0,0, ,0, ,4,1,,,0
20122013,PK,729,09-03-13,302A555,,LAST PO.PK/674 DT.14-02-13,1,3,56.4,3,1,5,0,EX.VAGHODIA,EXTRA,30 DAY'S, ,0,0,0,3,,,NOTE : SUBMIT CENVAT COPY ALONG WITH,SUPPLY FOR OUR CENVAT CLAIM,NULL,0, ,STORE,ADD,P,0,0, ,0, ,4,1,,,0
20122013,PK,730,09-03-13,302N176,J - 136/695 DT.09-03-2013,,1,2,12,3,1,5,0,MILL-DELIVERY,N I L,30 DAY'S, ,0,0,0,3,,,NOTE : SUBMIT CENVAT COPY ALONG WITH,SUPPLY FOR OUR CENVAT CLAIM,NULL,1,E,STORE,ADD,P,0,0, ,0, ,4,1,,,0
20122013,PK,731,09-03-13,302T098,A - 484/694 DT.09-03-2013,,1,2,12,3,1,5,0,MILL-DELIVERY,N I L,30 DAY'S, ,0,0,0,3,,,NOTE : SUBMIT CENVAT COPY ALONG WITH,SUPPLY FOR OUR CENVAT CLAIM,NULL,1,E,STORE,ADD,P,0,0, ,0, ,4,1,,,0
20122013,PK,732,11-03-13,302T127,TELE.ENQ.,E-MAIL DT.02/03/13,1,2,12,3,1,5,0,MILL DELIVERY,NIL,30 DAY'S, ,0,0,0,3,,,NOTE : SUBMIT CENVAT COPY ALONG WITH,SUPPLY FOR OUR CENVAT CLAIM,NULL,1,E,STORE,ADD,P,0,0, ,0, ,4,1,,,0
20122013,PK,733,12-03-13,302N176,TELE.ENQ.,TELE.QUOT.,1,2,12,3,1,5,0,MILL-DELIVERY,N I L,30 DAY'S, ,0,0,0,2,,,NOTE : SUBMIT CENVAT COPY ALONG WITH,SUPPLY FOR OUR CENVAT CLAIM,NULL,1,E,STORE,ADD,P,0,0, ,0, ,4,1,,,0
20122013,PK,734,13-03-13,302N176,J - 136/701 DT.12-03-2013,,1,2,12,3,1,5,0,MILL-DELIVERY,N I L,30 DAY'S, ,0,0,0,3,,,NOTE : SUBMIT CENVAT COPY ALONG WITH,SUPPLY FOR OUR CENVAT CLAIM,NULL,1,E,STORE,ADD,P,0,0, ,0, ,4,1,,,0
20122013,PK,735,13-03-13,302N176,TELE.ENQ.,TELE.QUOT.,1,2,12,3,1,5,0,MILL-DELIVERY,N I L,30 DAY'S, ,0,0,0,2,,,NOTE : SUBMIT CENVAT COPY ALONG WITH,SUPPLY FOR OUR CENVAT CLAIM,NULL,1,E,STORE,ADD,P,0,0, ,0, ,4,1,,,0
20122013,PK,736,14-03-13,302N176,D - 090/707 DT.13-03-2013,,1,2,12,3,1,5,0,MILL-DELIVERY,N I L,30 DAY'S, ,0,0,0,3,,,NOTE : SUBMIT CENVAT COPY ALONG WITH,SUPPLY FOR OUR CENVAT CLAIM,NULL,1,E,STORE,ADD,P,0,0, ,0, ,4,1,,,0
20122013,PK,737,14-03-13,302N176,TELE.ENQ.,TELE.QUOT.,1,2,12,3,1,5,0,MILL-DELIVERY,N I L,30 DAY'S, ,0,0,0,3,,,NOTE : SUBMIT CENVAT COPY ALONG WITH,SUPPLY FOR OUR CENVAT CLAIM,NULL,1,E,STORE,ADD,P,0,0, ,0, ,4,1,,,0
20122013,PK,738,14-03-13,302N170,,,2,2,12,3,1,5,0,MILL-DELIVERY,N I L,60 DAY'S, ,0,0,0,2,,,NOTE : SUBMIT CENVAT COPY ALONG WITH,SUPPLY FOR OUR CENVAT CLAIM,00:00.0,2,E,STORE,UPD,P,0,0, ,0, ,4,1,,,0
20122013,PK,739,14-03-13,302A555,LAST PO.PK/729 DT.09/03/2013,,1,3,56.4,3,1,5,0,EX.WAGHODIA,EXTRA,30 DAY'S, ,0,0,0,3,,,NOTE : SUBMIT CENVAT COPY ALONG WITH,SUPPLY FOR OUR CENVAT CLAIM,00:00.0,0, ,STORE,UPD,P,0,0, ,0, ,4,1,,,0
20122013,PK,740,15-03-13,302D204,,,1,2,12,3,1,5,0,MILL-DELIVERY,N I L,30 DAY'S, ,0,0,0,3,,,NOTE : SUBMIT CENVAT COPY ALONG WITH,SUPPLY FOR OUR CENVAT CLAIM,NULL,1,E,STORE,ADD,P,0,0, ,0, ,4,1,,,0
20122013,PK,741,15-03-13,302N176,,,1,2,12,3,1,5,0,MILL-DELIVERY,N I L,30 DAY'S, ,0,0,0,2,,,NOTE : SUBMIT CENVAT COPY ALONG WITH,SUPPLY FOR OUR CENVAT CLAIM,NULL,1,E,STORE,ADD,P,0,0, ,0, ,4,1,,,0
20122013,PK,742,16-03-13,302F069,,,2,2,12,3,1,5,0,MILL-DELIVERY,N I L,30 DAY'S, ,0,0,0,2,,,NOTE : SUBMIT CENVAT COPY ALONG WITH,SUPPLY FOR OUR CENVAT CLAIM,NULL,2,E,STORE,ADD,P,0,0, ,0, ,4,1,,,0
20122013,PK,743,16-03-13,302P041,,,2,1,0,0,1,5,0,MILL-DELIVERY,N I L,30 DAY'S, ,0,0,0,2,,,NOTE : SUBMIT CENVAT COPY ALONG WITH,SUPPLY FOR OUR CENVAT CLAIM,00:00.0,2,E,STORE,UPD,P,0,0, ,0, ,4,1,,,0
20122013,PK,744,16-03-13,302P041,,,2,1,0,0,1,5,0,MILL-DELIVERY,N I L,30 DAY'S, ,0,0,0,2,,,NOTE : SUBMIT CENVAT COPY ALONG WITH,SUPPLY FOR OUR CENVAT CLAIM,00:00.0,2,E,STORE,UPD,P,0,0, ,0, ,4,1,,,0
20122013,PK,745,18-03-13,302A555,LAST PO.PK/739 DT.14-03-2013,,1,3,56.4,3,1,5,0,EX.WAGHODIA,EXTRA,30 DAY'S, ,0,0,0,3,,,NOTE : SUBMIT CENVAT COPY ALONG WITH,SUPPLY FOR OUR CENVAT CLAIM,NULL,0, ,STORE,ADD,P,0,0, ,0, ,4,1,,,0
20122013,PK,746,18-03-13,302N176,A -484/709 DT.18-03-13,,1,2,12,3,1,5,0,MILL-DELIVERY,N I L,30 DAY'S, ,0,0,0,3,,,NOTE : SUBMIT CENVAT COPY ALONG WITH,SUPPLY FOR OUR CENVAT CLAIM,NULL,1,E,STORE,ADD,P,0,0, ,0, ,4,1,,,0
20122013,PK,747,19-03-13,302N170,,,1,2,12,3,1,5,0,MILL-DELIVERY,N I L,60 DAY'S, ,0,0,0,2,,,NOTE : SUBMIT CENVAT COPY ALONG WITH,SUPPLY FOR OUR CENVAT CLAIM,NULL,1,E,STORE,ADD,P,0,0, ,0, ,4,1,,,0
20122013,PK,748,19-03-13,302S545,LAST PO.PK/671 DT.13-02-13,,1,0,0,0,1,5,0,MILL-DELIVERY,N I L,60 DAY'S, ,0,0,0,2,,,,,NULL,1,E,STORE,ADD,P,0,0, ,0, ,4,1,,,0
20122013,PK,749,20-03-13,302N176,S-218/713 DT.20-03-13,AS PER PO.PK/691 DT.23-02-13,1,2,12,3,1,5,0,MILL-DELIVERY,N I L,30 DAY'S, ,0,0,0,3,,,NOTE : SUBMIT CENVAT COPY ALONG WITH,SUPPLY FOR OUR CENVAT CLAIM,NULL,1,E,STORE,ADD,P,0,0, ,0, ,4,1,,,0
20122013,PK,750,20-03-13,302N176,,,1,2,12,3,1,5,0,MILL-DELIVERY,N IL,30 DAY'S, ,0,0,0,2,,,NOTE : SUBMIT CENVAT COPY ALONG WITH,SUPPLY FOR OUR CENVAT CLAIM,NULL,1,E,STORE,ADD,P,0,0, ,0, ,4,1,,,0
20122013,PK,751,20-03-13,302T127,LAST PO.PK/732 DT.11-03-13,,1,2,12,3,1,5,0,MILL-DELIVERY,N I L,30 DAY'S, ,0,0,0,3,,,NOTE : SUBMIT CENVAT COPY ALONG WITH,SUPPLY FOR OUR CENVAT CLAIM,00:00.0,1,E,STORE,UPD,P,0,0, ,0, ,4,1,,,0
20122013,PK,752,20-03-13,302D204,S -995/712 DT.20-03-13,,1,2,12,3,1,5,0,MILL-DELIVERY,N I L,30 DAY'S, ,0,0,0,3,,,NOTE : SUBMIT CENVAT COPY ALONG WITH,SUPPLY FOR OUR CENVAT CLAIM,NULL,1,E,STORE,ADD,P,0,0, ,0, ,4,1,,,0
20122013,PK,753,20-03-13,302T098,L-071/714 DT.20-03-13,,1,2,12,3,1,5,0,MILL DELIVERY,NIL,30 DAY'S, ,0,0,0,3,,,NOTE : SUBMIT CENVAT COPY ALONG WITH,SUPPLY FOR OUR CENVAT CLAIM,00:00.0,1,E,STORE,UPD,P,0,0, ,0, ,4,1,,,0
20122013,PK,754,20-03-13,302D204,L-071/715 DT.20-03-2013,,1,2,12,3,1,5,0,MILL-DELIVERY,N I L,30 DAY'S, ,0,0,0,3,,,NOTE : SUBMIT CENVAT COPY ALONG WITH,SUPPLY FOR OUR CENVAT CLAIM,00:00.0,1,E,STORE,UPD,P,0,0, ,0, ,4,1,,,0
20122013,PK,755,21-03-13,302N176,A-601/730 DT.21-03-2013,,1,2,12,3,1,5,0,MILL-DELIVERY,N I L,30 DAY'S, ,0,0,0,3,,,NOTE : SUBMIT CENVAT COPY ALONG WITH,SUPPLY FOR OUR CENVAT CLAIM,NULL,1,E,STORE,ADD,P,0,0, ,0, ,4,1,,,0
20122013,PK,756,21-03-13,302N176,E-094/727 DT.21-03-2013,,1,2,12,3,1,5,0,MILL-DELIVERY,N I L,30 DAY'S, ,0,0,0,3,,,NOTE : SUBMIT CENVAT COPY ALONG WITH,SUPPLY FOR OUR CENVAT CLAIM,NULL,1,E,STORE,ADD,P,0,0, ,0, ,4,1,,,0
20122013,PK,757,23-03-13,302F069,,,3,2,12,3,1,5,0,MILL-DELIVERY,N I L,30 DAY'S, ,0,0,0,2,,,NOTE : SUBMIT CENVAT COPY ALONG WITH,SUPPLY FOR OUR CENVAT CLAIM,00:00.0,3,E,STORE,UPD,P,0,0, ,0, ,4,1,,,0
20122013,PK,758,25-03-13,302O038,AS PER E-MAIL DT.19-03-13,,1,2,12,3,5,0,0,MILL-DELIVERY,N I L,30 DAY'S, ,0,0,0,3,,,NOTE : SUBMIT CENVAT COPY ALONG WITH,SUPPLY FOR OUR CENVAT CLAIM,00:00.0,1,E,STORE,UPD,P,0,0, ,0, ,0,0,,,0
20122013,PK,759,25-03-13,3.02E+108,AS PER E-MAIL DT.23-013-13,,1,2,12,3,1,5,0,MILL-DELIVERY,N I L,30 DAY'S, ,0,0,0,3,,,NOTE : SUBMIT CENVAT COPY ALONG WITH,SUPPLY FOR OUR CENVAT CLAIM,NULL,0, ,STORE,ADD,P,0,0, ,0, ,4,1,,,0
20122013,PK,760,26-03-13,302P041,,,3,1,0,0,1,5,0,MILL-DELIVERY,N I L,30 DAY'S, ,0,0,0,2,,,NOTE : SUBMIT CENVAT COPY ALONG WITH,SUPPLY FOR OUR CENVAT CLAIM,00:00.0,3,E,STORE,UPD,P,0,0, ,0, ,4,1,,,0
20122013,PK,761,28-03-13,302N176,,,2,2,12,3,1,5,0,MILL-DELIVERY,N I L,30 DAY'S, ,0,0,0,2,,,NOTE : SUBMIT CENVAT COPY ALONG WITH,SUPPLY FOR OUR CENVAT CLAIM,00:00.0,2,E,STORE,UPD,P,0,0, ,0, ,4,1,,,0
20122013,PK,762,28-03-13,302N176,,,1,2,12,3,1,5,0,MILL-DELIVERY,N I L,30 DAY'S, ,0,0,0,3,,,NOTE : SUBMIT CENVAT COPY ALONG WITH,SUPPLY FOR OUR CENVAT CLAIM,00:00.0,1,E,STORE,UPD,P,0,0, ,0, ,4,1,,,0
20122013,PK,763,28-03-13,302N170,TELE.ENQ.,TELE.QUOT.,2,2,12,3,1,5,0,MILL-DELIVERY,N I L,60 DAY'S, ,0,0,0,2,,,NOTE : SUBMIT CENVAT COPY ALONG WITH,SUPPLY FOR OUR CENVAT CLAIM,NULL,2,E,STORE,ADD,P,0,0, ,0, ,4,1,,,0
20122013,PK,764,28-03-13,302N176,A - 302/719 DT.21-03-2013,,1,2,12,3,1,5,0,MILL-DELIVERY,N I L,30 DAY'S, ,0,0,0,3,,,NOTE : SUBMIT CENVAT COPY ALONG WITH,SUPPLY FOR OUR CENVAT CLAIM,NULL,1,E,STORE,ADD,P,0,0, ,0, ,4,1,,,0
20122013,PK,765,29-03-13,302T098,K-237/742 DT.25-03-13,,1,2,12,3,1,5,0,MILL-DELIVERY,N I L,30 DAY'S, ,0,0,0,3,,,NOTE : SUBMIT CENVAT COPY ALONG WITH,SUPPLY FOR OUR CENVAT CLAIM,NULL,1,E,STORE,ADD,P,0,0, ,0, ,4,1,,,0
20122013,PK,766,29-03-13,302N176,,,1,2,12,3,1,5,0,MILL DELIVERY,NIL,30 DAY'S, ,0,0,0,3,,,NOTE : SUBMIT CENVAT COPY ALONG WITH,SUPPLY FOR OUR CENVAT CLAIM,NULL,1,E,STORE,ADD,P,0,0, ,0, ,4,1,,,0
20122013,PK,767,29-03-13,302N176,S-995/745 DT.29-03-13,,1,2,12,3,1,5,0,MILL-DELIVERY,N I L,30 DAY'S, ,0,0,0,3,,,NOTE : SUBMIT CENVAT COPY ALONG WITH,SUPPLY FOR OUR CENVAT CLAIM,NULL,1,E,STORE,ADD,P,0,0, ,0, ,4,1,,,0
20122013,PK,768,30-03-13,302S890,TELE.ENQ.,E-MAIL DT.29/03/13,1,2,12,3,1,5,0,MILL DELIVERY,NIL,30 DAY'S, ,0,0,0,3,,,NOTE : SUBMIT CENVAT COPY ALONG WITH,SUPPLY FOR OUR CENVAT CLAIM,NULL,1,E,STORE,ADD,P,0,0, ,0, ,4,1,,,0
20122013,PK,769,30-03-13,302N176,L-071/752 DT.30-03-13,,1,2,12,3,1,5,0,MILL-DELIVERY,N I L,30 DAY'S, ,0,0,0,2,,,NOTE : SUBMIT CENVAT COPY ALONG WITH,SUPPLY FOR OUR CENVAT CLAIM,00:00.0,1,E,STORE,UPD,P,0,0, ,0, ,4,1,,,0
20122013,RP,326,02-03-13,302S852,GP.NO.406 DT.28/2/13,REPEAT PO,1,0,0,0,0,0,0,EX WORK,EXTRA,60 DAYS, ,0,0,0,3,,,,,00:00.0,1,E,STORE,UPD,P,0,0, ,0, ,0,0,20122013,REP,406
20122013,RP,327,02-03-13,302S852,GP.NO.405 DT.28/2/13,REPEAT PO,4,0,0,0,0,0,0,EX WORK,EXTRA,60 DAYS, ,0,0,0,3,,,,,00:00.0,4,E,STORE,UPD,P,0,0, ,0, ,0,0,20122013,REP,405
20122013,RP,328,02-03-13,302S852,GP.NO.408 DT.28/2/13,REPEAT PO,1,0,0,0,0,0,0,EX WORK,EXTRA,60 DAYY, ,0,0,0,3,,,,,00:00.0,1,E,STORE,UPD,P,0,0, ,0, ,0,0,20122013,REP,408
20122013,RP,329,02-03-13,302W030,GP.NO.335 DT.31/12/12,AS PER LAST PO,2,3,0,3,6,12.36,0,EX WORK,EXTRA,30 DAYS, ,0,0,0,3,,,NOTE : SUBMIT CENVAT COPY ALONG WITH,SUPPLY FOR OUR CENVAT CLAIM,NULL,1, ,STORE,ADD,P,0,0, ,0, ,12.36,0,20122013,REP,335
20122013,RP,330,04-03-13,302S801,GP.NO.392 DT.19/2/13,"BILL NO.88 DT,.26/2/13",1,0,0,0,0,0,0,MILL DELIVERY,NILL,60 DAYS, ,0,0,0,3,MATERIL RECEIVED,,,,NULL,1,E,STORE,ADD,P,0,0, ,0, ,0,0,20122013,REP,392
20122013,RP,331,04-03-13,302K172,GP.NO.365 DT.1/2/13,YOUR LETTER DT.23/2/13,1,0,0,0,0,0,0,EX WORK,EXTRA,CASH PAYMENT, ,0,0,0,3,,,,,NULL,0, ,STORE,ADD,P,0,0, ,0, ,0,0,20122013,REP,365
20122013,RP,332,04-03-13,302S801,MANUAL GP.NO147 DT.26/2/13,,1,0,0,0,0,0,0,MILL DELIVERY,NILL,60 DAYS, ,0,0,0,3,MATERIL RECEIVED,,,,NULL,1,E,STORE,ADD,P,0,0, ,0, ,0,0,,,0
20122013,RP,333,05-03-13,302C183,GP.NO.400 DT230/2/13,QUO NIO.439 DT.25/2/13,2,0,0,0,0,0,0,MILL DELIVERY,NILL,60 DAYS., ,0,0,0,3,,,,,NULL,2,E,STORE,ADD,P,0,0, ,0, ,0,0,20122013,REP,400
20122013,RP,334,05-03-13,302G299,MANUAL GP.NO.146 DT.23/2/13,YOUR LETTER DT.02/03/2013,1,0,0,0,0,0,0,MILL DELIVERY,NILL,60 DAYS, ,0,0,0,3,,,,,NULL,1,E,STORE,ADD,P,0,0, ,0, ,0,0,,,0
20122013,RP,335,05-03-13,302G299,GP.NO.402 DT.26/2/2013,YOUR LETTER DT.02/02/2013,1,0,0,0,0,0,0,EX WORK,EXTRA,60 DAYS., ,0,0,0,3,,,,,NULL,0, ,STORE,ADD,P,0,0, ,0, ,0,0,20122013,REP,402
20122013,RP,336,05-03-13,302K245,"GP.NO,410 DT.1/3/12",BILL NO.253 DT.5/3/12,1,0,0,0,0,0,0,MILL DELIVERY,NIL,IMMEDIATE, ,0,0,0,3,MATERIAL RECEIVED,,,,NULL,1,E,STORE,ADD,P,0,0, ,0, ,0,0,20122013,REP,410
20122013,RP,337,06-03-13,302M322,GP NO 412 2-3-2013,REF NO :- MTS / QTN / 7242,1,3,2208,3,1,15,0,EX WORK,EXTRA,IMMEDIATE, ,0,0,0,3,REQUIRE REMOTE TYPE TRANSMITTER,,NOTE : SUBMIT CENVAT COPY ALONG WITH,SUPPLY FOR OUR CENVAT CLAIM,00:00.0,1,E,STORE,UPD,P,0,0, ,0, ,12.5,2.5,20122013,REP,412
20122013,RP,338,06-03-13,302M322,GP.NO.390 DT.15/2/13,MTS/QTN/7242/12-13  DT.4/3/12,1,3,2208,3,1,15,0,EX WORK,EXTRA,IMMEDIATE, ,0,0,0,3,,,NOTE : SUBMIT CENVAT COPY ALONG WITH,SUPPLY FOR OUR CENVAT CLAIM,00:00.0,1,E,STORE,UPD,P,0,0, ,0, ,12.5,2.5,20122013,REP,390
20122013,RP,339,06-03-13,302M322,GP.NO.391 DT.15/2/13,MTS/QTN/7242/12-13/DT.4/3/13,1,2,12.36,0,1,15,0,EX WORK,EXTRA,IMMEDIATE, ,0,0,0,3,,,NOTE : SUBMIT CENVAT COPY ALONG WITH,SUPPLY FOR OUR CENVAT CLAIM,NULL,0, ,STORE,ADD,P,0,0, ,0, ,12.5,2.5,20122013,REP,391
20122013,RP,340,08-03-13,302S801,GP.NO.413 DT.4/3/13,,2,0,0,0,0,0,0,MILL DELIVERY,NIL,60 DAYS, ,0,0,0,3,,,,,NULL,2,E,STORE,ADD,P,0,0, ,0, ,0,0,20122013,REP,413
20122013,RP,341,08-03-13,302R179,,,1,0,0,0,1,5,0,EX WORKS,EXTRA,30 DAYS, ,0,0,0,3,,,,,NULL,1,E,STORE,ADD,P,0,0, ,0, ,4,1,,,0
20122013,RP,342,13-03-13,302W030,GP.NO.394 DT.19/02/2013,WEW/MP/AHD/Q-220/ DT26/02/13,2,0,0,0,6,12.36,0,EX WORK,EXTRA,60 DAYS, ,0,0,0,3,,,,,NULL,0, ,STORE,ADD,P,0,0, ,0, ,12.36,0,20122013,REP,394
20122013,RP,343,13-03-13,302I133,GP.NO.407 DT.28/2/13,/OFF/184/BP DT.6/03/2013,1,0,0,0,1,5,0,EX WORK,EXTRA,60 DAYS, ,0,0,0,3,SR.NO.P-550,,,,NULL,0, ,STORE,ADD,P,0,0, ,0, ,4,1,20122013,REP,407
20122013,RP,344,13-03-13,302I133,GP.NO.407 DT.28/2/13,0FF/183/BP DT.06/03/2013,1,0,0,0,1,5,0,EX WORK,EXTRA,60 DAYS, ,0,0,0,3,SR.NO.P-126,,,,NULL,1,E,STORE,ADD,P,0,0, ,0, ,4,1,20122013,REP,407
20122013,RP,345,13-03-13,302V201,GP.NO.404 DT.28/02/2013,QUO/2011-12?SER/L&T VFD DT.07/,1,0,0,0,0,0,0,MILL DELIVERY,NILL,30 DAYS, ,0,0,0,3,,,,,NULL,1,E,STORE,ADD,P,0,0, ,0, ,0,0,20122013,REP,404
20122013,RP,346,14-03-13,302S801,GP.NO.416 DT.5/3/12,YOUR LETTER DATED 12/3/13,1,0,0,0,0,0,0,EX WORK,EXTRA,60 DAYS., ,0,0,0,3,,,,,NULL,1,E,STORE,ADD,P,0,0, ,0, ,0,0,20122013,REP,416
20122013,RP,347,16-03-13,302D208,GP.NO.427 DT.15/3/12,YOUR QUO DT.19/2/2013,1,0,0,0,0,0,0,EX WORK,EXTRA,IMMEDIATE, ,0,0,0,3,ONE YEAR GAURANTEE,OLD PARTS RETURN TO MAIZE,PRODUCTS.,,00:00.0,1,E,EDP,UPD,P,0,0, ,0, ,0,0,20122013,REP,427
20122013,RP,348,19-03-13,302V201,GP.NO.433 DT.18/3/12,E-mail DT.19/2/2013,1,0,0,0,0,0,0,MILL DELIVERY,NIL,30 DAYS, ,0,0,0,3,,,,,NULL,0, ,STORE,ADD,P,0,0, ,0, ,0,0,20122013,REP,433
20122013,RP,349,21-03-13,302S801,GP.NO.422 DT.13/3/13,REF NO.33 DT.14/3/12,1,0,0,0,0,0,0,EX WORK,EXTRA,60 DAYS, ,0,0,0,3,MATERIAL RECEIVED,,,,NULL,1,E,STORE,ADD,P,0,0, ,0, ,0,0,20122013,REP,422
20122013,RP,350,21-03-13,302G260,GP.NO.388 DT.14/2/2013,LETTER DT.12/2/2013,1,0,0,0,0,0,0,EX WORK,EXTRA,60 DAYS, ,0,0,0,3,OLD SPARES ARE RETURN,TO MAIZE PRODUCTS.,,,NULL,0, ,STORE,ADD,P,0,0, ,0, ,0,0,20122013,REP,388
20122013,RP,351,22-03-13,302K245,GP.NO.437 DT.19/3/12,BILL NO.256 DT.22/3/13,1,0,0,0,0,0,0,MILL DELIVERY,NILL,IMMEDIATE, ,0,0,0,3,MATERIL RECEIVED,,,,NULL,1,E,STORE,ADD,P,0,0, ,0, ,0,0,20122013,REP,437
20122013,RP,352,23-03-13,302P292,MANUAL GP.NO161 DT.19/3/12,QUO. NO.351 DT.21/3/12,1,0,0,0,0,0,0,EX WORK,EXTRA,30 DAYS, ,0,0,0,3,MATERIAL RECEIVED,,,,NULL,1,E,STORE,ADD,P,0,0, ,0, ,0,0,,,0
20122013,RP,353,23-03-13,302M176,GP.NO.444 DT22/3/12,QUO.MT/17/SEP DT.8/9/2012,1,0,0,0,1,5,0,EX WORK,EXTRA,60 DAYS, ,0,0,0,3,,,,,NULL,0, ,STORE,ADD,P,0,0, ,0, ,4,1,20122013,REP,444
20122013,RP,354,28-03-13,302D168,GP.NO.451 DT.25/3/13,MP/095 DT.21/3/2013,1,0,0,0,0,0,0,EX WORK,EXTRA,60 DAYS, ,0,0,0,3,,,,,NULL,0, ,STORE,ADD,P,0,0, ,0, ,0,0,20122013,REP,451
20122013,RP,355,29-03-13,302G265,GP.NO.434 DT.19/3/13,LETTER DT.21/3/13,1,0,0,0,1,15,0,MILL DELIVERY,NIL,60 DAYS, ,0,0,0,3,,,,,NULL,1,E,STORE,ADD,P,0,0, ,0, ,12.5,2.5,20122013,REP,434
20122013,RP,356,29-03-13,302S801,GP.NO.435 DT.19/3/13,REF. NO.34 DT.22/3/13,1,0,0,0,0,0,0,EX WORK,EXTRA,60 DAYS, ,0,0,0,3,MATERIAL RECEIVED,,,,NULL,1,E,STORE,ADD,P,0,0, ,0, ,0,0,20122013,REP,435
20122013,RP,357,29-03-13,302S801,GP.NO.436 DT.19/3/13,REF NO.35 DT.22/3/12,1,0,0,0,0,0,0,EX WORK,EXTRA,60 DAYS, ,0,0,0,3,,,,,NULL,0, ,STORE,ADD,P,0,0, ,0, ,0,0,20122013,REP,436
20122013,RP,358,29-03-13,302S785,GP.NO.449 DT.23/3/13,AS PER LAST PO,5,0,0,0,0,0,0,EX WORK,EXTRA,60 DAYS, ,0,0,0,3,,,,,00:00.0,5,E,STORE,UPD,P,0,0, ,0, ,0,0,20122013,REP,449
20122013,RP,359,30-03-13,302S897,GP.NO.430 DT.18/3/12,AS PER LAST PO.,6,0,0,0,0,0,0,EX WORK,EXTRA,IMMEDIATE, ,0,0,0,3,MATERIAL RECEIVED,,,,NULL,0, ,STORE,ADD,P,0,0, ,0, ,0,0,20122013,REP,430
20122013,RP,360,30-03-13,302S897,GP.NO.432 DT.18/3./13,BILL NO.80 DT.30/3/13,3,0,0,0,0,0,0,EX WORK,EXTRA,IMMEDIATE, ,0,0,0,3,MATERIAL RECEIVED,EXTRA CHARGE RS.300/-,,,NULL,0, ,STORE,ADD,P,0,0, ,0, ,0,0,20122013,REP,432
20122013,RP,361,30-03-13,302S897,GP.NO.431 DT18/3/13,BILL NO.79 DT.30/3/13,4,0,0,0,0,0,0,EX WORK,EXTRA,IMMEDIATE, ,0,0,0,3,MATERIAL RECEIVED,EXTRA EXPANCE RS./- 1800,,,NULL,0, ,STORE,ADD,P,0,0, ,0, ,0,0,20122013,REP,431
20122013,ST,2192,01-03-13,302H114,,,4,0,0,0,1,5,0,MILL DELIVERY,NIL,60 DAYS, ,0,0,0,3,,,,,00:00.0,4,E,STORE,UPD,P,0,0, ,0, ,4,1,,,0
20122013,ST,2193,01-03-13,302M028,,,2,0,0,0,1,5,0,MILL DELIVERY,NIL,60 DAYS, ,0,0,0,3,,,,,NULL,2,E,STORE,ADD,P,0,0, ,0, ,4,1,,,0
20122013,ST,2194,01-03-13,302S240,,,4,0,0,0,1,5,0,MILL DELIVERY,NIL,60 DAYS, ,0,0,0,3,,,,,NULL,4,E,STORE,ADD,P,0,0, ,0, ,4,1,,,0
20122013,ST,2195,01-03-13,3.02E+41,,,1,0,0,0,1,5,0,MILL DELIVERY,NIL,60 DAYS, ,0,0,0,3,,,,,NULL,1,E,STORE,ADD,P,0,0, ,0, ,4,1,,,0
20122013,ST,2196,01-03-13,302M186,,,1,0,0,0,1,5,0,MILL DELIVERY,NIL,60 DAYS, ,0,0,0,3,,,,,NULL,1,E,STORE,ADD,P,0,0, ,0, ,4,1,,,0
20122013,ST,2197,01-03-13,302S788,,,1,1,0,0,1,5,0,MILL DELIVERY,NIL,60 DAYS, ,0,0,0,3,,,NOTE : SUBMIT CENVAT COPY ALONG WITH,SUPPLY FOR OUR CENVAT CLAIM,NULL,1,E,STORE,ADD,P,0,0, ,0, ,4,1,,,0
20122013,ST,2198,01-03-13,302B239,,,1,0,0,0,2,2,0,MILL DELIVERY,NIL,30 DAYS, ,0,0,0,3,,,,,NULL,1,E,STORE,ADD,P,0,0, ,0, ,2,0,,,0
20122013,ST,2199,01-03-13,302P036,,,2,0,0,0,1,5,0,MILL DELIVERY,NIL,60 DAYS, ,0,0,0,3,,,,,NULL,2,E,STORE,ADD,P,0,0, ,0, ,4,1,,,0
20122013,ST,2200,01-03-13,302M186,,,2,0,0,0,1,5,0,MILL DELIVERY,NIL,60 DAYS, ,0,0,0,3,,,,,NULL,2,E,STORE,ADD,P,0,0, ,0, ,4,1,,,0
20122013,ST,2201,01-03-13,302S788,,,1,1,0,0,1,5,0,MILL DELIVERY,NIL,60 DAYS, ,0,0,0,3,,,NOTE : SUBMIT CENVAT COPY ALONG WITH,SUPPLY FOR OUR CENVAT CLAIM,NULL,1,E,STORE,ADD,P,0,0, ,0, ,4,1,,,0
20122013,ST,2202,01-03-13,302A406,,,1,0,0,0,1,5,0,MILL DELIVERY,NIL,60 DAYS, ,0,0,0,3,,,,,NULL,1,E,STORE,ADD,P,0,0, ,0, ,4,1,,,0
20122013,ST,2203,01-03-13,302T151,,,1,0,0,0,1,5,0,MILL DELIVERY,NIL,60 DAYS, ,0,0,0,3,,,,,NULL,1,E,STORE,ADD,P,0,0, ,0, ,4,1,,,0
20122013,ST,2204,01-03-13,302M186,,,2,0,0,0,1,5,0,MILL DELIVERY,NIL,60 DAYS, ,0,0,0,3,,,,,NULL,2,E,STORE,ADD,P,0,0, ,0, ,4,1,,,0
20122013,ST,2205,01-03-13,302A533,,,1,0,0,0,1,5,0,MILL DELIVERY,NIL,60 DAYS, ,0,0,0,3,,,,,NULL,1,E,STORE,ADD,P,0,0, ,0, ,4,1,,,0
20122013,ST,2206,01-03-13,302M028,,,1,0,0,0,1,5,0,MILL DELIVERY,NIL,60 DAYS, ,0,0,0,3,,,,,NULL,1,E,STORE,ADD,P,0,0, ,0, ,4,1,,,0
20122013,ST,2207,01-03-13,302M190,,,2,0,0,0,1,5,0,MILL DELIVERY,NIL,60 DAYS, ,0,0,0,3,,,,,NULL,2,E,STORE,ADD,P,0,0, ,0, ,4,1,,,0
20122013,ST,2208,01-03-13,302N056,,,1,0,0,0,1,15,0,MILL DELIVERY,NIL,cash PAYMENT, ,0,0,0,3,,,,,00:00.0,1,E,STORE,UPD,P,0,0, ,0, ,12.5,2.5,,,0
20122013,ST,2209,01-03-13,302P314,,,2,0,0,0,1,5,0,MILL DELIVERY,NIL,60 DAYS, ,0,0,0,3,,,,,NULL,2,E,STORE,ADD,P,0,0, ,0, ,4,1,,,0
20122013,ST,2210,01-03-13,302M151,,,1,0,0,0,1,5,0,MILL DELIVERY,NIL,60 DAYS, ,0,0,0,3,,,,,NULL,1,E,STORE,ADD,P,0,0, ,0, ,4,1,,,0
20122013,ST,2211,01-03-13,302D156,,,1,0,0,0,1,5,0,MILL DELIVERY,NIL,60 DAYS, ,0,0,0,3,,,,,NULL,1,E,STORE,ADD,P,0,0, ,0, ,4,1,,,0
20122013,ST,2212,01-03-13,302S710,,,1,0,0,0,1,5,0,MILL DELIVERY,NIL,60 DAYS, ,0,0,0,3,,,,,NULL,1,E,STORE,ADD,P,0,0, ,0, ,4,1,,,0
20122013,ST,2213,01-03-13,302P314,,,1,0,0,0,1,5,0,MILL DELIVERY,NIL,60 DAYS, ,0,0,0,3,,,,,NULL,1,E,STORE,ADD,P,0,0, ,0, ,4,1,,,0
20122013,ST,2214,01-03-13,302A406,,,2,0,0,0,1,5,0,MILL DELIVERY,NIL,60 DAYS, ,0,0,0,3,,,,,NULL,2,E,STORE,ADD,P,0,0, ,0, ,4,1,,,0
20122013,ST,2215,01-03-13,302S791,,,2,0,0,0,1,5,0,MILL DELIVERY,NIL,60 DAYS, ,0,0,0,3,,,,,NULL,2,E,STORE,ADD,P,0,0, ,0, ,4,1,,,0
20122013,ST,2216,01-03-13,302J172,,,1,0,0,0,1,5,0,MILL DELIVERY,NIL,60 DAYS, ,0,0,0,3,,,,,NULL,1,E,STORE,ADD,P,0,0, ,0, ,4,1,,,0
20122013,ST,2217,01-03-13,302M028,,,1,0,0,0,1,5,0,MILL DELIVERY,NIL,60 DAYS, ,0,0,0,3,,,,,NULL,1,E,STORE,ADD,P,0,0, ,0, ,4,1,,,0
20122013,ST,2218,01-03-13,302S141,,,1,0,0,0,1,5,0,MILL DELIVERY,NIL,60 DAYS, ,0,0,0,3,,,,,NULL,1,E,STORE,ADD,P,0,0, ,0, ,4,1,,,0
20122013,ST,2219,02-03-13,302M190,,,1,0,0,0,1,5,0,MILL DELIVERY,NIL,60DAYS, ,0,0,0,3,,,,,00:00.0,1,E,STORE,UPD,P,0,0, ,0, ,4,1,,,0
20122013,ST,2220,02-03-13,302N056,,,1,0,0,0,1,15,0,MILLDELIVERY,NIL,CASH PAYMENT, ,0,0,0,3,,,,,00:00.0,1,E,STORE,UPD,P,0,0, ,0, ,12.5,2.5,,,0
20122013,ST,2221,02-03-13,302A406,,,1,0,0,0,1,5,0,MILL DELIVERY,NIL,60 DAYS, ,0,0,0,3,,,,,00:00.0,1,E,STORE,UPD,P,0,0, ,0, ,4,1,,,0
20122013,ST,2222,02-03-13,302M176,,MT/25/FEB/12-13 DT.21/2./13,2,0,0,0,1,5,0,EX WORK,EXTRA,30 DAYS, ,0,0,0,3,TEST CERTIFICATE IS REQUIRE,,,,00:00.0,2,E,STORE,UPD,P,0,0, ,0, ,4,1,,,0
20122013,ST,2223,04-03-13,302S703,,,1,1,0,0,1,5,0,MILL DELIVERY,NIL,60 DAYS, ,0,0,0,3,,,NOTE : SUBMIT CENVAT COPY ALONG WITH,SUPPLY FOR OUR CENVAT CLAIM,NULL,1,E,STORE,ADD,P,0,0, ,0, ,4,1,,,0
20122013,ST,2224,04-03-13,302U093,,,1,1,0,0,1,5,0,MILL DELIVERY,NIL,60 DAYS, ,0,0,0,3,,,NOTE : SUBMIT CENVAT COPY ALONG WITH,SUPPLY FOR OUR CENVAT CLAIM,NULL,1,E,STORE,ADD,P,0,0, ,0, ,4,1,,,0
20122013,ST,2225,04-03-13,302S788,,,2,1,0,0,1,5,0,MILL DELIVERY,NIL,60 DAYS, ,0,0,0,3,,,NOTE : SUBMIT CENVAT COPY ALONG WITH,SUPPLY FOR OUR CENVAT CLAIM,NULL,2,E,STORE,ADD,P,0,0, ,0, ,4,1,,,0
20122013,ST,2226,04-03-13,302P314,,,2,0,0,0,1,5,0,MILL DELIVERY,NIL,60 DAYS, ,0,0,0,3,,,,,NULL,2,E,STORE,ADD,P,0,0, ,0, ,4,1,,,0
20122013,ST,2227,04-03-13,302S240,,,5,0,0,0,1,5,0,MILL DELIVERY,NIL,60 DAYS, ,0,0,0,3,,,,,00:00.0,5,E,STORE,UPD,P,0,0, ,0, ,4,1,,,0
20122013,ST,2228,04-03-13,302R179,,,1,0,0,0,1,5,0,MILL DELIVERY,NIL,60 DAYSS, ,0,0,0,3,,,,,00:00.0,1,E,STORE,UPD,P,0,0, ,0, ,4,1,,,0
20122013,ST,2229,04-03-13,302S232,,,1,3,858,3,1,5,0,MILL DELIVERY,NIL,60 DAYS, ,0,0,0,3,,,NOTE : SUBMIT CENVAT COPY ALONG WITH,SUPPLY FOR OUR CENVAT CLAIM,00:00.0,1,E,STORE,UPD,P,0,0, ,0, ,4,1,,,0
20122013,ST,2230,04-03-13,302L082,,,1,0,0,0,1,15,0,MILL DELIVERY,NIL,60 DAYS, ,0,0,0,3,,,,,NULL,1,E,STORE,ADD,P,0,0, ,0, ,12.5,2.5,,,0
20122013,ST,2231,04-03-13,302S343,,,2,0,0,0,1,5,0,MILL DELIVERY,NIL,60 DAYS, ,0,0,0,3,,,,,NULL,2,E,STORE,ADD,P,0,0, ,0, ,4,1,,,0
20122013,ST,2232,04-03-13,302B193,,,1,0,0,0,1,5,0,MILL DELIVERY,NIL,60 DAYS, ,0,0,0,3,,,,,NULL,1,E,STORE,ADD,P,0,0, ,0, ,4,1,,,0
20122013,ST,2233,04-03-13,302R217,,MATERIAL RECEIVED,1,0,0,0,2,2,0,MILL DELIVERY,NIL,60  DAYS, ,0,0,0,3,,,,,00:00.0,1,E,STORE,UPD,P,0,0, ,0, ,2,0,,,0
20122013,ST,2234,04-03-13,302A406,,,1,0,0,0,1,5,0,MILL DELIVERY,NIL,60 DAYS, ,0,0,0,3,,,,,00:00.0,1,E,ASD,UPD,P,0,0, ,0, ,4,1,,,0
20122013,ST,2235,05-03-13,3.02E+103,,,1,2,12,3,2,2,0,EX  WORKS,WXTRA,100% ADVANCE ALONGWITH ORDER, ,57303.6,0,0,3,,,NOTE : SUBMIT CENVAT COPY ALONG WITH,SUPPLY FOR OUR CENVAT CLAIM,00:00.0,0, ,STORE,AMD,P,0,0, ,0, ,2,0,,,0
20122013,ST,2236,05-03-13,302D122,,,1,0,0,0,1,5,0,MILL DELIVERY,NIL,60 DAYS, ,0,0,0,3,,,,,NULL,1,E,STORE,ADD,P,0,0, ,0, ,4,1,,,0
20122013,ST,2237,05-03-13,3.02E+133,,,2,0,0,0,1,5,0,MILL DELIVERY,NIL,60 DAYS, ,0,0,0,3,,,,,NULL,2,E,STORE,ADD,P,0,0, ,0, ,4,1,,,0
20122013,ST,2238,05-03-13,302K205,,,1,0,0,0,1,5,0,EX WORKS,RS 250/- EXTRA,AGAINST PROFORMA, ,12041,0,0,3,,,,,00:00.0,1,E,STORE,AMD,P,262.1,0, ,0, ,4,1,,,0
20122013,ST,2239,05-03-13,302G232,,,2,0,0,0,1,15,0,MILL DELIVERY,NIL,60 DAYS, ,0,0,0,3,,,,,NULL,2,E,STORE,ADD,P,0,0, ,0, ,12.5,2.5,,,0
20122013,ST,2240,05-03-13,302P314,,,3,0,0,0,1,5,0,MILL DELIVERY,NIL,60 DAYS, ,0,0,0,3,,,,,NULL,3,E,STORE,ADD,P,0,0, ,0, ,4,1,,,0
20122013,ST,2241,05-03-13,302P036,,,3,0,0,0,1,5,0,MILL DELIVERY,NIL,60 DAYS, ,0,0,0,3,,,,,NULL,0, ,STORE,ADD,P,0,0, ,0, ,4,1,,,0
20122013,ST,2242,05-03-13,302M028,,,1,0,0,0,1,5,0,MILL DELIVERY,NIL,60 DAYS, ,0,0,0,3,,,,,NULL,1,E,STORE,ADD,P,0,0, ,0, ,4,1,,,0
20122013,ST,2243,11-03-13,302P023,,,4,0,0,0,2,2,0,EX WORKS,p.f.ex.,AGAINST C O D, ,44982,0,0,3,,,,,00:00.0,4,E,STORE,AMD,P,856.8,0, ,0, ,2,0,,,0
20122013,ST,2244,05-03-13,302D156,,,1,0,0,0,1,5,0,MILL DELIVERY,NIL,60 DAYS, ,0,0,0,3,,,,,NULL,1,E,STORE,ADD,P,0,0, ,0, ,4,1,,,0
20122013,ST,2246,05-03-13,302L082,,,1,0,0,0,1,15,0,MILL DELIVERY,NIL,60 DAYS, ,0,0,0,3,,,,,NULL,1,E,STORE,ADD,P,0,0, ,0, ,12.5,2.5,,,0
20122013,ST,2247,05-03-13,302U091,,,1,0,0,0,1,5,0,MILL DELIVERY,NIL,60 DAYS, ,0,0,0,3,,,,,NULL,1,E,STORE,ADD,P,0,0, ,0, ,4,1,,,0
20122013,ST,2248,05-03-13,302P314,,,1,0,0,0,1,5,0,MILL DELIVERY,NIL,60 DAYS, ,0,0,0,3,,,,,NULL,1,E,STORE,ADD,P,0,0, ,0, ,4,1,,,0
20122013,ST,2249,05-03-13,302P314,,,1,0,0,0,1,15,0,MILL DELIVERY,NIL,60 DAYS, ,0,0,0,3,,,,,NULL,1,E,STORE,ADD,P,0,0, ,0, ,12.5,2.5,,,0
20122013,ST,2250,05-03-13,302S703,,,4,1,0,0,1,5,0,MILL DELIVERY,NIL,60 DAY, ,0,0,0,3,,,NOTE : SUBMIT CENVAT COPY ALONG WITH,SUPPLY FOR OUR CENVAT CLAIM,NULL,4,E,STORE,ADD,P,0,0, ,0, ,4,1,,,0
20122013,ST,2251,05-03-13,302U093,,,4,1,0,0,1,5,0,MILL DELIVERY,NIL,60 DAYS, ,0,0,0,3,,,NOTE : SUBMIT CENVAT COPY ALONG WITH,SUPPLY FOR OUR CENVAT CLAIM,NULL,4,E,STORE,ADD,P,0,0, ,0, ,4,1,,,0
20122013,ST,2252,05-03-13,302J201,,,2,0,0,0,1,5,0,MILL DELIVERY,NIL,60 DAYS, ,0,0,0,3,,,,,NULL,2,E,STORE,ADD,P,0,0, ,0, ,4,1,,,0
20122013,ST,2253,05-03-13,302W037,,,1,1,0,0,1,5,0,MILL DELIVERY,NIL,60 DAYS, ,0,0,0,3,,,NOTE : SUBMIT CENVAT COPY ALONG WITH,SUPPLY FOR OUR CENVAT CLAIM,00:00.0,1,E,STORE,UPD,P,0,0, ,0, ,4,1,,,0
20122013,ST,2254,05-03-13,302T151,,,2,0,0,0,1,5,0,MILL DELIVERY,NIL,60 DAYS, ,0,0,0,3,,,,,NULL,2,E,STORE,ADD,P,0,0, ,0, ,4,1,,,0
20122013,ST,2255,06-03-13,302M009,,RECEIVED,1,0,0,0,1,5,0,MILL DELIVERY,NIL,60 DAYS, ,0,0,0,2,,,,,NULL,1,E,STORE,ADD,P,0,0, ,0, ,4,1,,,0
20122013,ST,2256,07-03-13,302B187,,,1,2,12,3,1,5,0,MILL DELIVERY,NIL,60 DAYS, ,0,0,0,3,,,NOTE : SUBMIT CENVAT COPY ALONG WITH,SUPPLY FOR OUR CENVAT CLAIM,00:00.0,1,E,STORE,UPD,P,0,0, ,0, ,4,1,,,0
20122013,ST,2257,07-03-13,302L082,,,5,0,0,0,1,5,0,MILL DELIVERY,NIL,60 DAYS, ,0,0,0,3,,,,,NULL,5,E,STORE,ADD,P,0,0, ,0, ,4,1,,,0
20122013,ST,2258,07-03-13,302P314,,,1,0,0,0,1,5,0,MILL DELIVERY,NIL,60 DAYS, ,0,0,0,3,,,,,NULL,1,E,STORE,ADD,P,0,0, ,0, ,4,1,,,0
20122013,ST,2259,07-03-13,302L082,,,1,0,0,0,1,15,0,MILL DELIVERY,NIL,60 DAYS, ,0,0,0,3,,,,,NULL,1,E,STORE,ADD,P,0,0, ,0, ,12.5,2.5,,,0
20122013,ST,2260,07-03-13,302P332,,,1,1,0,0,1,5,0,MILL-DELIVERY,NIL,30-DAYS, ,0,0,0,3,,,NOTE : SUBMIT CENVAT COPY ALONG WITH,SUPPLY FOR OUR CENVAT CLAIM,00:00.0,0, ,STORE,UPD,P,0,0, ,0, ,4,1,,,0
20122013,ST,2261,08-03-13,302S703,,,1,1,0,0,1,5,0,MILL DELIVERY,NIL,60 DAYS, ,0,0,0,3,,,NOTE : SUBMIT CENVAT COPY ALONG WITH,SUPPLY FOR OUR CENVAT CLAIM,NULL,1,E,STORE,ADD,P,0,0, ,0, ,4,1,,,0
20122013,ST,2262,08-03-13,302S910,,,1,0,0,0,0,0,0,MILL-DELIVERY,NIL,50% ADV. & 50% WITHIN WEEK COMP.WORK, ,110925,0,0,3,,,,,00:00.0,1,E,STORE,UPD,P,0,0, ,0, ,0,0,,,0
20122013,ST,2263,08-03-13,302A533,,,1,0,0,0,1,5,0,MILL DELIVERY,NIL,60 DAYS, ,0,0,0,3,,,,,NULL,1,E,STORE,ADD,P,0,0, ,0, ,4,1,,,0
20122013,ST,2264,08-03-13,302M151,,,1,0,0,0,1,5,0,MILL DELIVERY,NIL,60 DAYS, ,0,0,0,3,,,,,NULL,1,E,STORE,ADD,P,0,0, ,0, ,4,1,,,0
20122013,ST,2265,08-03-13,302P314,,,1,0,0,0,1,5,0,MILL DELIVERY,NIL,60 DAYS, ,0,0,0,3,,,,,NULL,1,E,STORE,ADD,P,0,0, ,0, ,4,1,,,0
20122013,ST,2266,08-03-13,302R235,,,1,0,0,0,1,5,0,MILL DELIVERY,NIL,60 DAYS, ,0,0,0,3,,,,,00:00.0,1,E,STORE,UPD,P,0,0, ,0, ,4,1,,,0
20122013,ST,2267,08-03-13,302P314,,,1,0,0,0,1,15,0,MILL DELIVERY,NIL,60 DAYS, ,0,0,0,3,,,,,NULL,1,E,STORE,ADD,P,0,0, ,0, ,12.5,2.5,,,0
20122013,ST,2268,09-03-13,302G232,,,1,0,0,0,1,15,0,MILL DELIVERY,NIL,60  DAYS, ,0,0,0,3,,,,,00:00.0,1,E,STORE,UPD,P,0,0, ,0, ,12.5,2.5,,,0
20122013,ST,2269,09-03-13,302S788,,,4,1,0,0,1,5,0,MILL DELIVERY,NIL,60 DAYS, ,0,0,0,3,,,NOTE : SUBMIT CENVAT COPY ALONG WITH,SUPPLY FOR OUR CENVAT CLAIM,NULL,4,E,STORE,ADD,P,0,0, ,0, ,4,1,,,0
20122013,ST,2270,09-03-13,302M151,,,1,0,0,0,1,5,0,MILL DELIVERY,NIL,60 DAYS, ,0,0,0,3,,,,,NULL,1,E,STORE,ADD,P,0,0, ,0, ,4,1,,,0
20122013,ST,2271,09-03-13,302S721,,,1,0,0,0,1,5,0,MILL DELIVERY,NIL,60 DAYS, ,0,0,0,3,,,,,NULL,1,E,STORE,ADD,P,0,0, ,0, ,4,1,,,0
20122013,ST,2272,09-03-13,302M190,,,1,0,0,0,1,5,0,MILL DELIVERY,NIL,60 DAYS, ,0,0,0,3,,,,,NULL,1,E,STORE,ADD,P,0,0, ,0, ,4,1,,,0
20122013,ST,2273,09-03-13,302A406,,,2,0,0,0,1,5,0,MILL DELIVERY,NIL,60 DAYS, ,0,0,0,3,,,,,NULL,2,E,STORE,ADD,P,0,0, ,0, ,4,1,,,0
20122013,ST,2274,09-03-13,302H114,,,3,0,0,0,1,5,0,MILL DELIVERY,NIL,60 DAYS, ,0,0,0,3,,,,,00:00.0,3,E,STORE,AMD,P,0,0, ,0, ,4,1,,,0
20122013,ST,2275,09-03-13,302U093,,,1,1,0,0,1,5,0,MILL DELIVERY,NIL,60 DAYS, ,0,0,0,3,,,NOTE : SUBMIT CENVAT COPY ALONG WITH,SUPPLY FOR OUR CENVAT CLAIM,NULL,1,E,STORE,ADD,P,0,0, ,0, ,4,1,,,0
20122013,ST,2276,09-03-13,302S703,,,1,1,0,0,1,5,0,MILL DELIVERY,NIL,60 DAYS, ,0,0,0,3,,,NOTE : SUBMIT CENVAT COPY ALONG WITH,SUPPLY FOR OUR CENVAT CLAIM,NULL,1,E,STORE,ADD,P,0,0, ,0, ,4,1,,,0
20122013,ST,2277,09-03-13,302W037,,,2,0,0,0,1,5,0,MILL DELIVERY,NIL,60 DAYS, ,0,0,0,3,,,,,NULL,2,E,STORE,ADD,P,0,0, ,0, ,4,1,,,0
20122013,ST,2278,09-03-13,302P314,,,6,0,0,0,1,5,0,MILL DELIVERY,NIL,60 DAYS, ,0,0,0,3,,,,,NULL,6,E,STORE,ADD,P,0,0, ,0, ,4,1,,,0
20122013,ST,2279,09-03-13,302S791,,,1,0,0,0,1,5,0,MILL DELIVERY,NIL,60 DAYS, ,0,0,0,3,,,,,NULL,1,E,STORE,ADD,P,0,0, ,0, ,4,1,,,0
20122013,ST,2280,09-03-13,302S791,,,1,0,0,0,1,5,0,MILL DELIVERY,NIL,60 DAYS, ,0,0,0,3,,,,,00:00.0,1,E,STORE,UPD,P,0,0, ,0, ,4,1,,,0
20122013,ST,2281,11-03-13,302N164,,,11,0,0,0,1,15,0,MILL DELIVERY,NIL,60 DAYS, ,0,0,0,3,,,,,00:00.0,10, ,STORE,UPD,P,0,0, ,0, ,12.5,2.5,,,0
20122013,ST,2282,11-03-13,302H114,,,2,0,0,0,1,5,0,MILL DELIVERY,NIL,60 DAYS, ,0,0,0,3,,,,,NULL,2,E,STORE,ADD,P,0,0, ,0, ,4,1,,,0
20122013,ST,2283,11-03-13,302M028,,,1,0,0,0,1,5,0,MILL DELIVERY,NIL,60 DAYS, ,0,0,0,3,,,,,NULL,1,E,STORE,ADD,P,0,0, ,0, ,4,1,,,0
20122013,ST,2284,11-03-13,302S791,,,1,0,0,0,1,5,0,MILL DELIVERY,NIL,60 DAYS, ,0,0,0,3,,,,,00:00.0,1,E,STORE,UPD,P,0,0, ,0, ,4,1,,,0
20122013,ST,2285,11-03-13,302N056,,,1,0,0,0,1,5,0,MILL DELIVERY,NIL,60 DAYS, ,0,0,0,3,,,,,NULL,1,E,STORE,ADD,P,0,0, ,0, ,4,1,,,0
20122013,ST,2286,12-03-13,302U093,,,1,1,0,0,1,5,0,MILL DELIVERY,NIL,60 DAYS, ,0,0,0,3,,,NOTE : SUBMIT CENVAT COPY ALONG WITH,SUPPLY FOR OUR CENVAT CLAIM,NULL,1,E,STORE,ADD,P,0,0, ,0, ,4,1,,,0
20122013,ST,2287,12-03-13,302S703,,,1,1,0,0,1,5,0,MILL DELIVERY,NIL,60 DAYS, ,0,0,0,3,,,NOTE : SUBMIT CENVAT COPY ALONG WITH,SUPPLY FOR OUR CENVAT CLAIM,NULL,1,E,STORE,ADD,P,0,0, ,0, ,4,1,,,0
20122013,ST,2288,13-03-13,302T152,,,4,2,12,3,1,15,0,MILL DELIVERY,NIL,30 DAYS, ,0,0,0,3,,,NOTE : SUBMIT CENVAT COPY ALONG WITH,SUPPLY FOR OUR CENVAT CLAIM,00:00.0,4,E,STORE,UPD,P,0,0, ,0, ,12.5,2.5,,,0
20122013,ST,2289,13-03-13,302P023,,,3,0,0,0,2,2,0,EX WORKS,EXTRA,AGNST COD, ,0,0,0,3,,,,,00:00.0,0, ,STORE,UPD,P,0,0, ,0, ,2,0,,,0
20122013,ST,2290,13-03-13,302B229,,,2,0,0,0,1,5,0,MILL DELIVERY,NIL,60 DAYS, ,0,0,0,3,,,,,NULL,2,E,STORE,ADD,P,0,0, ,0, ,4,1,,,0
20122013,ST,2291,13-03-13,302J172,,,1,0,0,0,1,5,0,MILL DELIVERY,NIL,60 DAYS, ,0,0,0,3,,,,,00:00.0,1,E,STORE,UPD,P,0,0, ,0, ,4,1,,,0
20122013,ST,2292,13-03-13,302S141,,,2,0,0,0,1,5,0,MILL DELIVERY,NIL,60 DAYS, ,0,0,0,3,,,,,00:00.0,2,E,STORE,UPD,P,0,0, ,0, ,4,1,,,0
20122013,ST,2293,13-03-13,302L069,,MATERIAL RECIEVED,1,0,0,0,1,15,0,MILL DELIVERY,NIL,60 DAYS, ,0,0,0,2,,,,,NULL,1,E,STORE,ADD,P,0,0, ,0, ,12.5,2.5,,,0
20122013,ST,2294,13-03-13,302R265,,,2,0,0,0,1,15,0,MILL DELIVERY,NIL,60 DAYS, ,0,0,0,3,,,,,00:00.0,0, ,STORE,UPD,P,0,0, ,0, ,12.5,2.5,,,0
20122013,ST,2295,13-03-13,302N056,,,1,0,0,0,1,15,0,MILL DELIVERY,NIL,CASH PAYMENT, ,0,0,0,3,,,,,NULL,1,E,STORE,ADD,P,0,0, ,0, ,12.5,2.5,,,0
20122013,ST,2296,13-03-13,302C225,,,13,0,0,0,1,5,0,MILL DELIVERY,NIL,60 DAYS, ,0,0,0,3,SERVICE CH. RS/-1500 EXTRA,PER DAY.,,,00:00.0,13,E,STORE,UPD,P,0,0, ,0, ,4,1,,,0
20122013,ST,2297,15-03-13,302S721,,,1,0,0,0,1,5,0,MILL DELIVERY,NIL,60 DAYS, ,0,0,0,3,,,,,00:00.0,1,E,STORE,UPD,P,0,0, ,0, ,4,1,,,0
20122013,ST,2298,15-03-13,302P227,,,2,0,0,0,1,5,0,MILL DELIVERY,NIL,60 DAYS, ,0,0,0,3,,,,,NULL,2,E,STORE,ADD,P,0,0, ,0, ,4,1,,,0
20122013,ST,2299,29-03-13,302A552,,,1,0,0,0,1,5,0,MILL DELIVERY,NIL,60 DAYS, ,0,0,0,3,,,,,NULL,1,E,STORE,ADD,P,0,0, ,0, ,4,1,,,0
20122013,ST,2300,15-03-13,302R206,,,4,0,0,0,1,5,0,MILL DELIVERY,NIL,60 DAYS, ,0,0,0,3,,,,,NULL,4,E,STORE,ADD,P,0,0, ,0, ,4,1,,,0
20122013,ST,2301,15-03-13,302D122,,,1,0,0,0,1,5,0,MILL DELIVERY,NIL,60 DAYS, ,0,0,0,3,,,,,NULL,1,E,STORE,ADD,P,0,0, ,0, ,4,1,,,0
20122013,ST,2302,15-03-13,302R180,,,1,0,0,0,1,5,0,MILL DELIVERY,NIL,60 DAYS, ,0,0,0,3,,,,,NULL,1,E,STORE,ADD,P,0,0, ,0, ,4,1,,,0
20122013,ST,2303,15-03-13,302A406,,,2,0,0,0,1,5,0,MILL DELIVERY,NIL,60 DAYS, ,0,0,0,3,,,,,NULL,2,E,STORE,ADD,P,0,0, ,0, ,4,1,,,0
20122013,ST,2304,15-03-13,302P314,,,1,0,0,0,1,5,0,MILL DELIVERY,NIL,60 DAYS, ,0,0,0,3,,,,,NULL,1,E,STORE,ADD,P,0,0, ,0, ,4,1,,,0
20122013,ST,2305,15-03-13,302M190,,,1,0,0,0,1,5,0,MILL DELIVERY,NIL,60 DAYS, ,0,0,0,3,,,,,NULL,1,E,STORE,ADD,P,0,0, ,0, ,4,1,,,0
20122013,ST,2306,15-03-13,302M009,,,1,0,0,0,1,15,0,MILL DELIVERY,NIL,60 DAYS, ,0,0,0,3,,,,,00:00.0,1,E,STORE,UPD,P,0,0, ,0, ,12.5,2.5,,,0
20122013,ST,2307,15-03-13,302T065,,,1,0,0,0,1,15,0,MILL DELIVERY,NIL,60 DAYS, ,0,0,0,3,,,,,NULL,0, ,STORE,ADD,P,0,0, ,0, ,12.5,2.5,,,0
20122013,ST,2308,15-03-13,302D122,,,2,0,0,0,1,5,0,MILL DELIVERY,NIL,60 DAYS, ,0,0,0,3,,,,,NULL,2,E,STORE,ADD,P,0,0, ,0, ,4,1,,,0
20122013,ST,2309,15-03-13,302D156,,,5,0,0,0,1,5,0,MILL DELIVERY,NIL,60 DAYS, ,0,0,0,3,,,,,NULL,5,E,STORE,ADD,P,0,0, ,0, ,4,1,,,0
20122013,ST,2310,15-03-13,302A406,,,4,0,0,0,1,5,0,MILL DELIVERY,NIL,60 DAYS, ,0,0,0,3,,,,,NULL,4,E,STORE,ADD,P,0,0, ,0, ,4,1,,,0
20122013,ST,2311,15-03-13,302P227,,,1,0,0,0,1,5,0,MILL DELIVERY,NIL,60 DAYS, ,0,0,0,3,,,,,NULL,1,E,STORE,ADD,P,0,0, ,0, ,4,1,,,0
20122013,ST,2312,15-03-13,302S788,,,1,1,0,0,1,5,0,MILL DELIVERY,NIL,60 DAYS, ,0,0,0,3,,,NOTE : SUBMIT CENVAT COPY ALONG WITH,SUPPLY FOR OUR CENVAT CLAIM,NULL,0, ,STORE,ADD,P,0,0, ,0, ,4,1,,,0
20122013,ST,2313,15-03-13,302S703,,,1,1,0,0,1,5,0,MILL DELIVERY,NIL,60 DAYS, ,0,0,0,3,,,NOTE : SUBMIT CENVAT COPY ALONG WITH,SUPPLY FOR OUR CENVAT CLAIM,00:00.0,1,E,STORE,UPD,P,0,0, ,0, ,4,1,,,0
20122013,ST,2314,15-03-13,302A113,,,2,0,0,0,2,2,0,MILL DELIVERY,NIL,15 DAYS, ,0,0,0,3,,,,,00:00.0,0, ,STORE,UPD,P,0,0, ,0, ,2,0,,,0
20122013,ST,2315,15-03-13,302F082,,,3,2,12,3,1,5,0,MILL DELIVERY,NIL,60 DAYS, ,0,0,0,3,,,NOTE : SUBMIT CENVAT COPY ALONG WITH,SUPPLY FOR OUR CENVAT CLAIM,NULL,3,E,STORE,ADD,P,0,0, ,0, ,4,1,,,0
20122013,ST,2316,15-03-13,302A504,,,1,0,0,0,1,5,0,MILL DELIVERY,NIL,60 DAYS, ,0,0,0,3,,,,,NULL,1,E,STORE,ADD,P,0,0, ,0, ,4,1,,,0
20122013,ST,2317,15-03-13,302C083,,,1,0,0,0,1,5,0,MILL DELIVERY,NIL,60 DAYS, ,0,0,0,3,,,,,NULL,1,E,STORE,ADD,P,0,0, ,0, ,4,1,,,0
20122013,ST,2318,15-03-13,302A504,,,2,0,0,0,1,5,0,MILL DELIVERY,NIL,60 DAYS, ,0,0,0,3,,,,,NULL,2,E,STORE,ADD,P,0,0, ,0, ,4,1,,,0
20122013,ST,2319,15-03-13,302K192,,MATERIAL RECEIVED,2,0,0,0,1,15,0,MILL DELIVERY,NIL,60 DAYS, ,0,0,0,2,,,,,NULL,2,E,STORE,ADD,P,0,0, ,0, ,12.5,2.5,,,0
20122013,ST,2320,15-03-13,302B187,,RECIEVED,1,2,12,3,1,5,0,MILL DELIVERY,NIL,60 DAYS, ,0,0,0,2,,,NOTE : SUBMIT CENVAT COPY ALONG WITH,SUPPLY FOR OUR CENVAT CLAIM,00:00.0,1,E,STORE,UPD,P,0,0, ,0, ,4,1,,,0
20122013,ST,2321,15-03-13,302M028,,RECEIVED,2,0,0,0,1,5,0,MILL DELIVERY,NIL,60 DAYS, ,0,0,0,2,,,,,00:00.0,2,E,STORE,UPD,P,0,0, ,0, ,4,1,,,0
20122013,ST,2322,15-03-13,302B229,,,2,0,0,0,1,5,0,MILL DELIVERY,NIL,60 DAYS, ,0,0,0,3,,,,,NULL,2,E,STORE,ADD,P,0,0, ,0, ,4,1,,,0
20122013,ST,2323,15-03-13,302S788,,RECEIVED,1,1,0,0,1,5,0,MILL DELIVERY,NIL,60 DAYS, ,0,0,0,2,,,NOTE : SUBMIT CENVAT COPY ALONG WITH,SUPPLY FOR OUR CENVAT CLAIM,00:00.0,1,E,STORE,UPD,P,0,0, ,0, ,4,1,,,0
20122013,ST,2324,15-03-13,302G232,,RECIEVED,1,0,0,0,1,15,0,MILL DELIVERY,NIL,60 DAYS, ,0,1,0,2,,,,,00:00.0,1,E,STORE,UPD,P,0,0, ,0, ,12.5,2.5,,,0
20122013,ST,2325,15-03-13,302D168,,RECEIPT,1,0,0,0,1,5,0,MILL DELIVERY,NIL,60 DAYS, ,0,0,0,3,,,,,NULL,1,E,STORE,ADD,P,0,0, ,0, ,4,1,,,0
20122013,ST,2326,15-03-13,302M261,,RECEIVED,3,0,0,0,1,5,0,MILL DELIVERY,NIL,60 DAYS, ,0,0,0,2,,,,,NULL,3,E,STORE,ADD,P,0,0, ,0, ,4,1,,,0
20122013,ST,2327,15-03-13,302G232,,RECEIVED,1,0,0,0,1,15,0,MILL DELIVERY,NIL,60 DAYS, ,0,0,0,2,,,,,00:00.0,1,E,STORE,UPD,P,0,0, ,0, ,12.5,2.5,,,0
20122013,ST,2328,15-03-13,302J174,RECEIVED,,1,0,0,0,1,0,0,MILL DELIVERY,NIL,60 DAYS, ,0,0,0,2,,,,,00:00.0,1,E,STORE,UPD,P,0,0, ,0, ,0,0,,,0
20122013,ST,2329,16-03-13,302A571,REF:QTN:NO ALNC/OR/335/13-14 ,DATED 13-03-2013,4,0,0,0,1,5,0,EX WORK,EXTRA,30 DAYS., ,0,0,0,3,PL MAKE 1 NOS OF ITEM NO.3,FOR OUR ENGG. APPROVAL THEN AFTER,YOU WILL START WORK OTHER 10 NOS,,00:00.0,0, ,STORE,UPD,P,0,0, ,0, ,4,1,,,0
20122013,ST,2330,16-03-13,302P314,,,3,0,0,0,1,5,0,MILL DELIVERY,NIL,60 DAYS, ,0,0,0,3,,,,,NULL,3,E,STORE,ADD,P,0,0, ,0, ,4,1,,,0
20122013,ST,2331,16-03-13,302A406,,,1,0,0,0,1,5,0,MILL DELIVERY,NIL,60 DAYS, ,0,0,0,3,,,,,NULL,1,E,STORE,ADD,P,0,0, ,0, ,4,1,,,0
20122013,ST,2332,16-03-13,302B197,,,1,0,0,0,1,5,0,MILL DELIVERY,NIL,60 DAYS, ,0,0,0,3,,,,,NULL,0, ,STORE,ADD,P,0,0, ,0, ,4,1,,,0
20122013,ST,2333,16-03-13,302P036,,,1,0,0,0,1,5,0,MILL DELIVERY,NIL,60 DAYS, ,0,0,0,3,,,,,NULL,1,E,STORE,ADD,P,0,0, ,0, ,4,1,,,0
20122013,ST,2334,16-03-13,302D122,,,1,0,0,0,1,5,0,MILL DELIVERY,NIL,60 DAYS, ,0,0,0,3,,,,,NULL,1,E,STORE,ADD,P,0,0, ,0, ,4,1,,,0
20122013,ST,2335,16-03-13,302D122,,,1,0,0,0,1,5,0,MILL DELIVERY,NIL,60 DAYS, ,0,0,0,3,,,,,NULL,1,E,STORE,ADD,P,0,0, ,0, ,4,1,,,0
20122013,ST,2336,16-03-13,302N164,,,1,0,0,0,1,15,0,MILL DELIVERY,NIL,60 DAYS, ,0,0,0,3,,,,,NULL,1,E,STORE,ADD,P,0,0, ,0, ,12.5,2.5,,,0
20122013,ST,2337,16-03-13,302N210,,,1,0,0,0,1,5,0,MILL  DELIVERY,NIL,60 DAYS, ,0,0,0,3,,,,,NULL,0, ,STORE,ADD,P,0,0, ,0, ,4,1,,,0
20122013,ST,2338,16-03-13,302S703,,,1,1,0,0,1,5,0,MILL DELIVERY,NIL,60 DAYS, ,0,0,0,3,,,NOTE : SUBMIT CENVAT COPY ALONG WITH,SUPPLY FOR OUR CENVAT CLAIM,NULL,1,E,STORE,ADD,P,0,0, ,0, ,4,1,,,0
20122013,ST,2339,16-03-13,302S703,,,2,1,0,0,1,5,0,MILL DELIVERY,NIL,60 DAYS, ,0,0,0,3,,,NOTE : SUBMIT CENVAT COPY ALONG WITH,SUPPLY FOR OUR CENVAT CLAIM,00:00.0,2,E,STORE,UPD,P,0,0, ,0, ,4,1,,,0
20122013,ST,2340,16-03-13,302K198,,,3,0,0,0,1,5,0,MILL DELIVERY,NIL,60 DAYS, ,0,0,0,3,,,,,NULL,3,E,STORE,ADD,P,0,0, ,0, ,4,1,,,0
20122013,ST,2341,16-03-13,302S467,,,2,0,0,0,1,0,0,MILL DELIVERY,NIL,60 DAYS, ,0,0,0,3,,,,,00:00.0,2,E,STORE,UPD,P,0,0, ,0, ,0,0,,,0
20122013,ST,2342,16-03-13,302R057,,,1,0,0,0,1,15,0,MILL DELIVERY,NIL,60 DAYS, ,0,0,0,3,,,,,NULL,0, ,STORE,ADD,P,0,0, ,0, ,12.5,2.5,,,0
20122013,ST,2343,16-03-13,302S467,,,1,0,0,0,1,5,0,MILL DELIVERY,NIL,60 DAYS, ,0,0,0,3,,,,,NULL,1,E,STORE,ADD,P,0,0, ,0, ,4,1,,,0
20122013,ST,2344,16-03-13,302N164,,,5,0,0,0,1,15,0,MILL DELIVERY,NIL,60 DAYS, ,0,0,0,3,,,,,NULL,4, ,STORE,ADD,P,0,0, ,0, ,12.5,2.5,,,0
20122013,ST,2345,16-03-13,302A504,,,1,0,0,0,1,5,0,MILL DELIVERY,NIL,60 DAYS, ,0,0,0,3,,,,,00:00.0,1,E,STORE,UPD,P,0,0, ,0, ,4,1,,,0
20122013,ST,2346,16-03-13,302S791,,,1,0,0,0,1,5,0,MILL DELIVERY,NIL,60 DAYS, ,0,0,0,3,,,,,NULL,1,E,STORE,ADD,P,0,0, ,0, ,4,1,,,0
20122013,ST,2347,16-03-13,302W037,,,1,0,0,0,1,5,0,MILL DELIVERY,NIL,60 DAYS, ,0,0,0,3,,,,,NULL,1,E,STORE,ADD,P,0,0, ,0, ,4,1,,,0
20122013,ST,2348,16-03-13,302W037,,,2,0,0,0,1,5,0,MILL DELIVERY,NIL,60 DAYS, ,0,0,0,3,,,,,00:00.0,2,E,STORE,UPD,P,0,0, ,0, ,4,1,,,0
20122013,ST,2349,16-03-13,302R217,,,3,0,0,0,2,2,0,EX WORKS,EXTRA,60 DAYS, ,0,0,0,3,,,,,00:00.0,3,E,STORE,UPD,P,0,0, ,0, ,2,0,,,0
20122013,ST,2350,16-03-13,302S703,,,2,1,0,0,1,5,0,MILL DELIVERY,NIL,60 DAYS, ,0,0,0,3,,,NOTE : SUBMIT CENVAT COPY ALONG WITH,SUPPLY FOR OUR CENVAT CLAIM,00:00.0,2,E,STORE,UPD,P,0,0, ,0, ,4,1,,,0
20122013,ST,2351,16-03-13,302U093,,,1,1,0,0,1,5,0,MILL DELIVERY,NIL,60 DAYS, ,0,0,0,3,,,NOTE : SUBMIT CENVAT COPY ALONG WITH,SUPPLY FOR OUR CENVAT CLAIM,00:00.0,1,E,STORE,UPD,P,0,0, ,0, ,4,1,,,0
20122013,ST,2352,16-03-13,302M261,,,1,0,0,0,1,5,0,MILL DELIVERY,NIL,60 DAYS, ,0,0,0,3,,,,,00:00.0,1,E,STORE,UPD,P,0,0, ,0, ,4,1,,,0
20122013,ST,2353,18-03-13,302M323,,,1,0,0,0,1,5,0,MILL DELIVERY,NIL,60 DAYS, ,0,0,0,3,,,,,00:00.0,1,E,STORE,UPD,P,0,0, ,0, ,4,1,,,0
20122013,ST,2354,18-03-13,302W040,,,1,0,0,0,1,5,0,EX WORKS,EXTRA,60 DAYS, ,0,0,0,3,,,,,00:00.0,1,E,STORE,UPD,P,0,0, ,0, ,4,1,,,0
20122013,ST,2355,18-03-13,302A406,,,1,0,0,0,1,5,0,MILL DELIVERY,NIL,60 DAYS, ,0,0,0,3,,,,,00:00.0,1,E,STORE,UPD,P,0,0, ,0, ,4,1,,,0
20122013,ST,2356,18-03-13,302J172,,,1,0,0,0,1,5,0,MILL DELIVERY,NIL,60 DAYS, ,0,0,0,3,,,,,00:00.0,1,E,STORE,UPD,P,0,0, ,0, ,4,1,,,0
20122013,ST,2357,18-03-13,302S240,,,2,0,0,0,1,5,0,MILL DELIVERY,NIL,60 DAYS, ,0,0,0,3,,,,,00:00.0,2,E,STORE,UPD,P,0,0, ,0, ,4,1,,,0
20122013,ST,2358,18-03-13,302M190,,,1,0,0,0,1,5,0,MILL DELIVERY,NIL,60 DAYS, ,0,0,0,3,,,,,00:00.0,1,E,STORE,UPD,P,0,0, ,0, ,4,1,,,0
20122013,ST,2359,19-03-13,302P169,,,1,2,12,3,2,2,0,EX WORKS,EXTRA,30 DAYS, ,0,0,0,3,,,NOTE : SUBMIT CENVAT COPY ALONG WITH,SUPPLY FOR OUR CENVAT CLAIM,00:00.0,1,E,STORE,UPD,P,0,0, ,0, ,2,0,,,0
20122013,ST,2360,20-03-13,302M261,,,1,0,0,0,1,5,0,MILL DELIVERY,NIL,60 DAYS, ,0,0,0,3,,,,,00:00.0,1,E,STORE,AMD,P,0,0, ,0, ,4,1,,,0
20122013,ST,2361,20-03-13,302S788,,,1,1,0,0,1,5,0,MILL DELIVERY,NIL,60 DAYS, ,0,0,0,3,,,NOTE : SUBMIT CENVAT COPY ALONG WITH,SUPPLY FOR OUR CENVAT CLAIM,00:00.0,1,E,STORE,UPD,P,0,0, ,0, ,4,1,,,0
20122013,ST,2362,20-03-13,302L082,,,2,0,0,0,1,15,0,MILL DELIVERY,NIL,60 DAYS, ,0,0,0,3,,,,,00:00.0,2,E,STORE,AMD,P,0,0, ,0, ,12.5,2.5,,,0
20122013,ST,2363,20-03-13,302S703,,,2,1,0,0,1,5,0,MILL DELIVERY,NIL,60 DAYS, ,0,0,0,3,,,NOTE : SUBMIT CENVAT COPY ALONG WITH,SUPPLY FOR OUR CENVAT CLAIM,00:00.0,2,E,STORE,UPD,P,0,0, ,0, ,4,1,,,0
20122013,ST,2364,20-03-13,302J201,,RECEIVED,1,0,0,0,1,5,0,MILL DELIVERY,NIL,60 DAYS, ,0,0,0,2,,,,,00:00.0,1,E,STORE,AMD,P,0,0, ,0, ,4,1,,,0
20122013,ST,2365,20-03-13,302S240,,,1,0,0,0,1,5,0,MILL DELIVERY,NIL,60 DAYS, ,0,0,0,3,,,,,00:00.0,1,E,STORE,UPD,P,0,0, ,0, ,4,1,,,0
20122013,ST,2366,20-03-13,302R267,,RECEIVED,1,0,0,0,1,5,0,MILL DELIVERY,NIL,60 DAYS, ,0,0,0,3,,,,,00:00.0,1,E,STORE,AMD,P,0,0, ,0, ,4,1,,,0
20122013,ST,2367,20-03-13,302A504,,,1,0,0,0,1,5,0,MILL DELIVERY,NIL,60 DAYS, ,0,0,0,3,,,,,00:00.0,1,E,STORE,AMD,P,0,0, ,0, ,4,1,,,0
20122013,ST,2368,20-03-13,302U093,,,1,1,0,0,1,5,0,MILL DELIVERY,NIL,60 DAYS, ,0,0,0,3,,,NOTE : SUBMIT CENVAT COPY ALONG WITH,SUPPLY FOR OUR CENVAT CLAIM,00:00.0,1,E,STORE,UPD,P,0,0, ,0, ,4,1,,,0
20122013,ST,2369,20-03-13,302S703,,,1,1,0,0,1,5,0,MILL DELIVERY,NIL,60 DAYS, ,0,0,0,3,,,NOTE : SUBMIT CENVAT COPY ALONG WITH,SUPPLY FOR OUR CENVAT CLAIM,00:00.0,1,E,STORE,UPD,P,0,0, ,0, ,4,1,,,0
20122013,ST,2370,20-03-13,302S788,,,1,0,0,0,1,5,0,MILL DELIVERY,NIL,60 DAYS, ,0,0,0,3,,,,,00:00.0,1,E,STORE,UPD,P,0,0, ,0, ,4,1,,,0
20122013,ST,2371,20-03-13,302M009,,,1,0,0,0,1,5,0,MILL DELIVERY,NIL,60 DAYS, ,0,0,0,3,,,,,00:00.0,0, ,STORE,UPD,P,0,0, ,0, ,4,1,,,0
20122013,ST,2372,20-03-13,302A488,,,1,2,12,3,1,5,0,MILL DELIVERY,NIL,60 DAYS, ,0,0,0,3,,,NOTE : SUBMIT CENVAT COPY ALONG WITH,SUPPLY FOR OUR CENVAT CLAIM,00:00.0,0, ,STORE,UPD,P,0,0, ,0, ,4,1,,,0
20122013,ST,2373,20-03-13,302V184,,,1,0,0,0,1,5,0,MILL DELIVERY,NIL,60 DAYS, ,0,0,0,3,,,,,00:00.0,1,E,STORE,UPD,P,0,0, ,0, ,4,1,,,0
20122013,ST,2374,20-03-13,302M261,,,1,0,0,0,1,5,0,MILL DELIVERY,NIL,60 DAYS, ,0,0,0,3,,,,,00:00.0,1,E,STORE,UPD,P,0,0, ,0, ,4,1,,,0
20122013,ST,2375,20-03-13,302M237,,,2,2,12,3,1,5,0,MILL DELIVERY,NIL,60 DAYS, ,0,0,0,3,,,NOTE : SUBMIT CENVAT COPY ALONG WITH,SUPPLY FOR OUR CENVAT CLAIM,00:00.0,0, ,STORE,UPD,P,0,0, ,0, ,4,1,,,0
20122013,ST,2376,20-03-13,302L082,,,1,0,0,0,1,5,0,MILL DELIVERY,NIL,60 DAYS, ,0,0,0,3,,,,,00:00.0,1,E,STORE,UPD,P,0,0, ,0, ,4,1,,,0
20122013,ST,2377,20-03-13,302S703,,,1,1,0,0,1,5,0,MILL DELIVERY,NIL,60 DAYS, ,0,0,0,3,,,NOTE : SUBMIT CENVAT COPY ALONG WITH,SUPPLY FOR OUR CENVAT CLAIM,00:00.0,1,E,STORE,UPD,P,0,0, ,0, ,4,1,,,0
20122013,ST,2378,20-03-13,302R286,,,1,1,0,0,1,5,0,MILL DELIVERY,NIL,60 DAYS, ,0,0,0,3,,,NOTE : SUBMIT CENVAT COPY ALONG WITH,SUPPLY FOR OUR CENVAT CLAIM,00:00.0,1,E,STORE,AMD,P,0,0, ,0, ,4,1,,,0
20122013,ST,2379,20-03-13,302M028,,,1,0,0,0,1,5,0,MILL DELIVERY,NIL,60 DAYS, ,0,0,0,3,,,,,00:00.0,1,E,STORE,UPD,P,0,0, ,0, ,4,1,,,0
20122013,ST,2380,20-03-13,302S703,,,5,1,0,0,1,5,0,MILL DELIVERY,NIL,60 DAYS, ,0,0,0,3,,,NOTE : SUBMIT CENVAT COPY ALONG WITH,SUPPLY FOR OUR CENVAT CLAIM,00:00.0,5,E,STORE,UPD,P,0,0, ,0, ,4,1,,,0
20122013,ST,2381,20-03-13,302S703,,,5,1,0,0,1,5,0,MILL DELIVERY,NIL,60 DAYS, ,0,0,0,3,,,NOTE : SUBMIT CENVAT COPY ALONG WITH,SUPPLY FOR OUR CENVAT CLAIM,00:00.0,5,E,STORE,UPD,P,0,0, ,0, ,4,1,,,0
20122013,ST,2382,21-03-13,302A572,,,2,2,12,3,1,5,0,EX WORKS,EXTRA,AS ABOVE, ,37600,0,0,3,PATTERN TO BE PROPERTY OF,MAIZE PRODUCT,NOTE : SUBMIT CENVAT COPY ALONG WITH,SUPPLY FOR OUR CENVAT CLAIM,00:00.0,0, ,STORE,UPD,P,0,0, ,0, ,4,1,,,0
20122013,ST,2383,21-03-13,302P314,,,2,0,0,0,1,5,0,MILL DELIVERY,NIL,60 DAYS, ,0,0,0,3,,,,,00:00.0,2,E,STORE,AMD,P,0,0, ,0, ,4,1,,,0
20122013,ST,2384,21-03-13,302H114,,,1,0,0,0,1,5,0,MILL DELIVERY,NIL,60 DAYS, ,0,0,0,3,,,,,NULL,1,E,ASD,ADD,P,0,0, ,0, ,4,1,,,0
20122013,ST,2385,22-03-13,3.02E+47,,,1,0,0,0,1,5,0,MILL DELIVERY,NIL,60 DAYS, ,0,0,0,3,,,,,NULL,0, ,STORE,ADD,P,0,0, ,0, ,4,1,,,0
20122013,ST,2386,22-03-13,302M028,,,1,0,0,0,1,5,0,MILL DELIVERY,NIL,60 DAYS, ,0,0,0,3,,,,,NULL,1,E,STORE,ADD,P,0,0, ,0, ,4,1,,,0
20122013,ST,2387,22-03-13,302L076,,,1,0,0,0,1,5,0,EX WORKS,650/- PER TONNE EXTRA,60 DAYS, ,0,0,0,3,,,,,00:00.0,0, ,STORE,UPD,P,0,0, ,0, ,4,1,,,0
20122013,ST,2388,22-03-13,302S710,,,1,0,0,0,1,5,0,MILL DELIVERY,NIL,60 DAYS, ,0,0,0,3,,,,,NULL,0, ,STORE,ADD,P,0,0, ,0, ,4,1,,,0
20122013,ST,2389,22-03-13,302M190,,,1,0,0,0,1,5,0,MILL DELIVERY,NIL,60 DAYS, ,0,0,0,3,,,,,NULL,1,E,STORE,ADD,P,0,0, ,0, ,4,1,,,0
20122013,ST,2390,22-03-13,302A406,,,2,0,0,0,1,5,0,MILL DELIVERY,NIL,60 DAYS, ,0,0,0,3,,,,,NULL,2,E,STORE,ADD,P,0,0, ,0, ,4,1,,,0
20122013,ST,2391,22-03-13,302N056,,,1,0,0,0,1,5,0,MILL DELIVERY,NIL,CASH PAYMENT, ,0,0,0,3,,,,,NULL,1,E,STORE,ADD,P,0,0, ,0, ,4,1,,,0
20122013,ST,2392,22-03-13,302M028,,,1,0,0,0,1,5,0,MILL DELIVERY,NIL,60 DAYS, ,0,0,0,3,,,,,NULL,1,E,STORE,ADD,P,0,0, ,0, ,4,1,,,0
20122013,ST,2393,22-03-13,302P314,,,1,0,0,0,1,15,0,MILL DELI VERY,NIL,60 DAYS, ,0,0,0,3,,,,,NULL,1,E,STORE,ADD,P,0,0, ,0, ,12.5,2.5,,,0
20122013,ST,2394,22-03-13,302Y027,,,1,0,0,0,1,5,0,MILL DELIVERY,NIL,IMMEDIATE, ,0,0,0,3,,,,,NULL,0, ,STORE,ADD,P,0,0, ,0, ,4,1,,,0
20122013,ST,2395,22-03-13,302U093,,,1,1,0,0,1,5,0,MILL DELIVERY,NIL,60 DAYS, ,0,0,0,3,,,NOTE : SUBMIT CENVAT COPY ALONG WITH,SUPPLY FOR OUR CENVAT CLAIM,NULL,1,E,STORE,ADD,P,0,0, ,0, ,4,1,,,0
20122013,ST,2396,22-03-13,302S703,,,1,1,0,0,1,5,0,MILL DELIVERY,NIL,60 DAYS, ,0,0,0,3,,,NOTE : SUBMIT CENVAT COPY ALONG WITH,SUPPLY FOR OUR CENVAT CLAIM,NULL,0, ,STORE,ADD,P,0,0, ,0, ,4,1,,,0
20122013,ST,2397,22-03-13,302H114,,,1,0,0,0,1,5,0,MILL DELIVERY,NIL,60 DAYS, ,0,0,0,3,,,,,NULL,1,E,STORE,ADD,P,0,0, ,0, ,4,1,,,0
20122013,ST,2398,22-03-13,302Z005,,,1,0,0,0,1,5,0,MILL DELIVERY,NIL,60 DAYS, ,0,0,0,3,,,,,NULL,1,E,STORE,ADD,P,0,0, ,0, ,4,1,,,0
20122013,ST,2399,22-03-13,302H114,,,1,0,0,0,1,5,0,MILL DELIVERY,NIL,60 DAYS, ,0,0,0,3,,,,,NULL,1,E,STORE,ADD,P,0,0, ,0, ,4,1,,,0
20122013,ST,2400,22-03-13,302S240,,,1,0,0,0,1,5,0,MILL DELIVERY,NIL,60 DAYS, ,0,0,0,3,,,,,NULL,1,E,STORE,ADD,P,0,0, ,0, ,4,1,,,0
20122013,ST,2401,22-03-13,302S240,,,1,0,0,0,1,5,0,MILL DELIVERY,NIL,60 DAYS, ,0,0,0,3,,,,,NULL,1,E,STORE,ADD,P,0,0, ,0, ,4,1,,,0
20122013,ST,2402,22-03-13,302M028,,,1,0,0,0,1,5,0,MILL DELIVERY,NIL,60 DAYS, ,0,0,0,3,,,,,NULL,1,E,STORE,ADD,P,0,0, ,0, ,4,1,,,0
20122013,ST,2403,22-03-13,302B187,,,1,2,12,3,1,5,0,MILL DELIVERY,NIL,60 DAYS, ,0,0,0,3,,,NOTE : SUBMIT CENVAT COPY ALONG WITH,SUPPLY FOR OUR CENVAT CLAIM,NULL,0, ,STORE,ADD,P,0,0, ,0, ,4,1,,,0
20122013,ST,2404,22-03-13,302L082,,,2,0,0,0,1,15,0,MILL DELIVERY,NIL,60 DAYS, ,0,0,0,3,,,,,00:00.0,2,E,STORE,UPD,P,0,0, ,0, ,12.5,2.5,,,0
20122013,ST,2405,22-03-13,302S791,,RECEIVED,2,0,0,0,1,5,0,MILL DELIVERY,NIL,60 DAYS, ,0,0,0,2,,,,,NULL,2,E,STORE,ADD,P,0,0, ,0, ,4,1,,,0
20122013,ST,2406,22-03-13,302S703,,,2,1,0,0,1,5,0,MILL DELIVERY,NIL,60 DAYS, ,0,0,0,3,,,NOTE : SUBMIT CENVAT COPY ALONG WITH,SUPPLY FOR OUR CENVAT CLAIM,NULL,2,E,STORE,ADD,P,0,0, ,0, ,4,1,,,0
20122013,ST,2407,22-03-13,302U093,,,1,1,0,0,1,5,0,MILL DELIVERY,NIL,60 DAYS, ,0,0,0,3,,,NOTE : SUBMIT CENVAT COPY ALONG WITH,SUPPLY FOR OUR CENVAT CLAIM,NULL,1,E,STORE,ADD,P,0,0, ,0, ,4,1,,,0
20122013,ST,2408,22-03-13,302J201,,,2,0,0,0,1,5,0,MILL DELIVERY,NIL,60 DAYS, ,0,0,0,3,,,,,NULL,2,E,STORE,ADD,P,0,0, ,0, ,4,1,,,0
20122013,ST,2409,22-03-13,302N198,,,1,0,0,0,1,5,0,MILL DELIVERY,NIL,60 DAYS, ,0,0,0,3,,,,,NULL,0, ,STORE,ADD,P,0,0, ,0, ,4,1,,,0
20122013,ST,2410,22-03-13,302A504,,,2,0,0,0,1,5,0,MILL DELIVERY,NIL,60 DAYS, ,0,0,0,3,,,,,NULL,2,E,STORE,ADD,P,0,0, ,0, ,4,1,,,0
20122013,ST,2411,22-03-13,302M028,,,3,0,0,0,1,5,0,MILL DELIVERY,NIL,60 DAYS, ,0,0,0,3,,,,,NULL,3,E,STORE,ADD,P,0,0, ,0, ,4,1,,,0
20122013,ST,2412,22-03-13,302P314,,,2,0,0,0,1,5,0,MILL DELIV ERY,NIL,60 DAYS, ,0,0,0,3,,,,,NULL,2,E,STORE,ADD,P,0,0, ,0, ,4,1,,,0
20122013,ST,2413,22-03-13,302S467,,,2,0,0,0,1,5,0,MILL DELIVERY,NIL,IMMEDIATE, ,0,0,0,3,,,,,NULL,2,E,STORE,ADD,P,0,0, ,0, ,4,1,,,0
20122013,ST,2414,22-03-13,302L082,,,1,0,0,0,1,15,0,MILL DELIVERY,NIL,60 DAYS, ,0,0,0,3,,,,,NULL,1,E,STORE,ADD,P,0,0, ,0, ,12.5,2.5,,,0
20122013,ST,2415,22-03-13,302S703,,,1,1,0,0,1,5,0,MILL DELIVERY,NIL,60 DAYS, ,0,0,0,3,,,NOTE : SUBMIT CENVAT COPY ALONG WITH,SUPPLY FOR OUR CENVAT CLAIM,NULL,1,E,ASD,ADD,P,0,0, ,0, ,4,1,,,0
20122013,ST,2416,22-03-13,302R286,,,1,0,0,0,1,5,0,MILL DELIVERY,NIL,60 DAYS, ,0,0,0,3,,,,,NULL,1,E,ASD,ADD,P,0,0, ,0, ,4,1,,,0
20122013,ST,2417,25-03-13,302H114,,RECIEVED,3,0,0,0,1,5,0,MILL DELIVERY,NIL,60 DAYS, ,0,0,0,2,,,,,00:00.0,3,E,STORE,UPD,P,0,0, ,0, ,4,1,,,0
20122013,ST,2418,25-03-13,302C083,,,3,0,0,0,1,5,0,MILL DELIVERY,NIL,60 DAYS, ,0,0,0,3,,,,,NULL,3,E,STORE,ADD,P,0,0, ,0, ,4,1,,,0
20122013,ST,2419,25-03-13,302V175,,RECEIVED,1,0,0,0,1,5,0,MILL DELIVERY,NIL,60 DAYS, ,0,0,0,2,,,,,NULL,1,E,STORE,ADD,P,0,0, ,0, ,4,1,,,0
20122013,ST,2420,25-03-13,302P314,,,1,0,0,0,1,5,0,MILL DELIVERY,NIL,60 DAYS, ,0,0,0,3,,,,,NULL,1,E,STORE,ADD,P,0,0, ,0, ,4,1,,,0
20122013,ST,2421,25-03-13,302Z005,,,1,0,0,0,1,5,0,MILL DELIVERY,NIL,60 DAYS, ,0,0,0,3,,,,,NULL,1,E,STORE,ADD,P,0,0, ,0, ,4,1,,,0
20122013,ST,2422,25-03-13,302W037,,,1,0,0,0,1,5,0,MILL DELIVERY,NIL,60 DAYS, ,0,0,0,3,,,,,NULL,1,E,STORE,ADD,P,0,0, ,0, ,4,1,,,0
20122013,ST,2423,25-03-13,302D156,,,2,0,0,0,1,5,0,MILL DELIVERY,NIL,60 DAYS, ,0,0,0,3,,,,,NULL,1, ,STORE,ADD,P,0,0, ,0, ,4,1,,,0
20122013,ST,2424,25-03-13,302S791,,,2,0,0,0,1,5,0,MILL DELIVERY,NIL,60 DAYS, ,0,0,0,3,,,,,NULL,0, ,STORE,ADD,P,0,0, ,0, ,4,1,,,0
20122013,ST,2425,25-03-13,302J179,,,2,0,0,0,1,5,0,MILL DELIVERY,NIL,AGNST DELIVERY, ,17403.75,0,0,3,,,,,00:00.0,0, ,STORE,UPD,P,0,0, ,0, ,4,1,,,0
20122013,ST,2426,25-03-13,302S703,,RECIEVED,1,1,0,0,1,5,0,MILL DELIVERY,NIL,60 DAYS, ,0,0,0,3,,,NOTE : SUBMIT CENVAT COPY ALONG WITH,SUPPLY FOR OUR CENVAT CLAIM,00:00.0,0, ,STORE,UPD,P,0,0, ,0, ,4,1,,,0
20122013,ST,2427,25-03-13,302H079,,,1,0,0,0,2,2,0,EX WORKS,EXTRA,AGNST PROFORMA, ,0,0,0,3,,,,,00:00.0,0, ,STORE,AMD,P,0,0, ,0, ,2,0,,,0
20122013,ST,2428,25-03-13,302S240,,,1,0,0,0,1,5,0,MILL DELIVERY,NIL,60 DAYS, ,0,0,0,3,,,,,NULL,1,E,STORE,ADD,P,0,0, ,0, ,4,1,,,0
20122013,ST,2429,25-03-13,302S703,,,1,1,0,0,1,5,0,MILL DELIVERY,NIL,60 DAYS, ,0,0,0,3,,,NOTE : SUBMIT CENVAT COPY ALONG WITH,SUPPLY FOR OUR CENVAT CLAIM,NULL,1,E,STORE,ADD,P,0,0, ,0, ,4,1,,,0
20122013,ST,2430,25-03-13,302P314,,,5,0,0,0,1,5,0,MILL DELIVERY,NIL,60 DAYS, ,0,0,0,3,,,,,NULL,5,E,STORE,ADD,P,0,0, ,0, ,4,1,,,0
20122013,ST,2431,26-03-13,302S788,,,1,1,0,0,1,5,0,MILL DELIVERY,NIL,60 DAYS, ,0,0,0,3,,,NOTE : SUBMIT CENVAT COPY ALONG WITH,SUPPLY FOR OUR CENVAT CLAIM,NULL,1,E,STORE,ADD,P,0,0, ,0, ,4,1,,,0
20122013,ST,2432,26-03-13,302D122,,,2,0,0,0,1,5,0,MILL DELIVERY,NIL,60 DAYS, ,0,0,0,3,,,,,NULL,2,E,STORE,ADD,P,0,0, ,0, ,4,1,,,0
20122013,ST,2433,26-03-13,302A439,,,1,0,0,0,1,5,0,EX WORKS,650/- PER TONNE EXTRA,60 DAYS, ,0,0,0,3,,,,,NULL,1,E,STORE,ADD,P,0,0, ,0, ,4,1,,,0
20122013,ST,2434,26-03-13,302A573,,,1,3,208,3,1,15,0,EX WORKS,EXTRA,AGAINST PROFORMA, ,10119.6,0,0,3,P & F: 3% EXTRA,,NOTE : SUBMIT CENVAT COPY ALONG WITH,SUPPLY FOR OUR CENVAT CLAIM,00:00.0,1,E,STORE,UPD,P,238,0, ,0, ,12.5,2.5,,,0
20122013,ST,2435,29-03-13,302P341,,,1,0,0,0,1,5,0,MILL DELIVERY,NIL,60 DAYS, ,0,0,0,3,,,,,NULL,1,E,ASD,ADD,P,0,0, ,0, ,4,1,,,0
20122013,ST,2436,28-03-13,302S788,,,2,1,0,0,1,5,0,MILL DELIVERY,NIL,60 DAYS, ,0,0,0,3,,,NOTE : SUBMIT CENVAT COPY ALONG WITH,SUPPLY FOR OUR CENVAT CLAIM,00:00.0,2,E,STORE,UPD,P,0,0, ,0, ,4,1,,,0
20122013,ST,2437,28-03-13,302G237,,,1,1,0,0,1,5,0,MILL DELIVERY,NIL,60 DAYS, ,0,0,0,3,,,NOTE : SUBMIT CENVAT COPY ALONG WITH,SUPPLY FOR OUR CENVAT CLAIM,00:00.0,0, ,STORE,UPD,P,0,0, ,0, ,4,1,,,0
20122013,ST,2438,29-03-13,302J172,,,1,0,0,0,1,5,0,MILL DELIVERY,NIL,60 DAYS, ,0,0,0,3,,,,,NULL,1,E,ASD,ADD,P,0,0, ,0, ,4,1,,,0
20122013,ST,2439,29-03-13,302M028,,,2,0,0,0,1,5,0,MILL DELIVERY,NIL,60 DAYS, ,0,0,0,3,,,,,NULL,2,E,ASD,ADD,P,0,0, ,0, ,4,1,,,0
20122013,ST,2440,29-03-13,302H114,,,1,0,0,0,1,5,0,MILL DELIVERY,NIL,60 DAYS, ,0,0,0,3,,,,,NULL,1,E,ASD,ADD,P,0,0, ,0, ,4,1,,,0
20122013,ST,2441,29-03-13,302S788,,,1,1,0,0,1,5,0,MILL DELIVERY,NIL,60 DAYS, ,0,0,0,3,,,NOTE : SUBMIT CENVAT COPY ALONG WITH,SUPPLY FOR OUR CENVAT CLAIM,NULL,1,E,ASD,ADD,P,0,0, ,0, ,4,1,,,0
20122013,ST,2442,29-03-13,302P135,,,1,0,0,0,1,5,0,EX WORKS,EXTRA,IMMEDIATE, ,0,0,0,3,,,,,NULL,1,E,ASD,ADD,P,0,0, ,0, ,4,1,,,0
20122013,ST,2443,29-03-13,302S703,,,2,1,0,0,1,5,0,MILL DELIVERY,NIL,60 DAYS, ,0,0,0,3,,,NOTE : SUBMIT CENVAT COPY ALONG WITH,SUPPLY FOR OUR CENVAT CLAIM,NULL,2,E,STORE,ADD,P,0,0, ,0, ,4,1,,,0
20122013,ST,2444,29-03-13,302S378,,,1,0,0,0,1,5,0,MILL DELIVERY,NIL,60 DAYS, ,0,0,0,3,,,,,00:00.0,1,E,STORE,UPD,P,0,0, ,0, ,4,1,,,0
20122013,ST,2445,29-03-13,302H114,,,1,0,0,0,1,5,0,MILL DELIVERY,NIL,60 DAYS, ,0,0,0,3,,,,,NULL,0, ,STORE,ADD,P,0,0, ,0, ,4,1,,,0
20122013,ST,2446,29-03-13,302L082,,,2,0,0,0,1,15,0,MILL DELIVERY,NIL,60 DAYS, ,0,0,0,3,,,,,NULL,2,E,STORE,ADD,P,0,0, ,0, ,12.5,2.5,,,0
20122013,ST,2447,29-03-13,302S791,,,1,0,0,0,1,5,0,MILL DELIVERY,NIL,60 DAYS, ,0,0,0,3,,,,,NULL,0, ,STORE,ADD,P,0,0, ,0, ,4,1,,,0
20122013,ST,2448,09-03-13,302F082,,,2,2,12,3,1,5,0,MILL DELIVERY,NIL,60 DAYS, ,0,0,0,3,,,NOTE : SUBMIT CENVAT COPY ALONG WITH,SUPPLY FOR OUR CENVAT CLAIM,NULL,0, ,STORE,ADD, ,0,0, ,0, ,4,1,,,0
20122013,WO,74,02-03-13,302T171,,,1,0,0,0,1,0,0,MILL DELIVERY,NIL,60 DAYS, ,0,0,0,3,,,,,00:00.0,1,E,STORE,AMD,P,0,0, ,0, ,0,0,,,0
20122013,WO,75,06-03-13,302C218,,,1,2,12.36,0,1,5,0,EX WORK,EXTRA,30 DAYS, ,0,0,0,3,LABOUR CHARGE EXTRA AS PER QUATATION,WORK IN MAIZE PRODUCT,NOTE : SUBMIT CENVAT COPY ALONG WITH,SUPPLY FOR OUR CENVAT CLAIM,NULL,1,E,STORE,ADD,P,0,0, ,0, ,4,1,,,0
20122013,WO,76,08-03-13,302S910,,,1,0,0,0,6,12.36,0,WORK IN MAIZE PRODUCTS.,,100% AFTER COMPLETION WORKS, ,0,0,0,3,,,CONTRACTORS RETENTION TO PARTY,ACCOUNT/MAIZE PRODUCTS,NULL,0, ,STORE,ADD,P,0,0, ,0, ,12.36,0,,,0
20122013,WO,77,20-03-13,302G300,,,2,0,0,0,6,12.36,0,WORKS IN MAIZE PRODUCTS,,IMMEDIATE, ,0,0,0,3,,,,,00:00.0,0, ,STORE,UPD,P,0,0, ,0, ,12.36,0,,,0
20122013,WO,78,23-03-13,302R097,,,1,0,0,0,6,12.36,0,WORK IN MAIZE PRODUCTS,NIL,80% AGNST DELIVERY, ,0,0,0,3,& 20% AFTER SUCCESSFUL COMMISSIONING,"NOTE: DE-COUPLING, RECOUPLING,","TRANSPORTATION, ALIGNMENT OF",ALTERNATOR IS NOT INCLUDED,00:00.0,0, ,STORE,UPD,P,0,0, ,0, ,12.36,0,,,0
20122013,WO,79,29-03-13,302K124,,,1,0,0,0,6,12.36,0,WORK IN MAIZE,NIL,30 DAYS, ,0,0,0,3,ESI WILL BE DEDUCTED @6.5% ON WAGES,P.F. DOCUMENTS TO BE SUBMITTED,,,NULL,0, ,STORE,ADD,P,0,0, ,0, ,12.36,0,,,0
